-- --------------------------------------------------------
-- Host:                         103.146.203.234
-- Server version:               PostgreSQL 9.5.19 on x86_64-pc-linux-gnu, compiled by gcc (Ubuntu 5.4.0-6ubuntu1~16.04.10) 5.4.0 20160609, 64-bit
-- Server OS:                    
-- HeidiSQL Version:             10.3.0.5771
-- --------------------------------------------------------

/*!40101 SET @OLD_CHARACTER_SET_CLIENT=@@CHARACTER_SET_CLIENT */;
/*!40101 SET NAMES  */;
/*!40014 SET @OLD_FOREIGN_KEY_CHECKS=@@FOREIGN_KEY_CHECKS, FOREIGN_KEY_CHECKS=0 */;
/*!40101 SET @OLD_SQL_MODE=@@SQL_MODE, SQL_MODE='NO_AUTO_VALUE_ON_ZERO' */;

-- Dumping data for table public.angkot_rute: 0 rows
/*!40000 ALTER TABLE "angkot_rute" DISABLE KEYS */;
INSERT INTO "angkot_rute" ("angkot_id", "rute_id") VALUES
	(1, 1),
	(4, 5),
	(5, 6),
	(3, 7),
	(2, 8),
	(1, 4),
	(6, 3);
/*!40000 ALTER TABLE "angkot_rute" ENABLE KEYS */;

-- Dumping data for table public.supir_angkot: 0 rows
/*!40000 ALTER TABLE "supir_angkot" DISABLE KEYS */;
INSERT INTO "supir_angkot" ("supir_id", "angkot_id") VALUES
	(5, 5),
	(2, 4),
	(3, 6),
	(6, 3),
	(4, 2),
	(7, 1);
/*!40000 ALTER TABLE "supir_angkot" ENABLE KEYS */;

-- Dumping data for table public.tbpenumpang: 161 rows
/*!40000 ALTER TABLE "tbpenumpang" DISABLE KEYS */;
INSERT INTO "tbpenumpang" ("idpenumpang", "lat", "lng", "waktu", "rute_id") VALUES
	('LTv7TcEqWZmJ6OGdDnAF', -7.33441166666667, 112.636283333333, '2018-11-06 19:50:17.255151', NULL),
	('g6laFkVjnR07qhlgHvn7', -7.33447166666667, 112.636268333333, '2018-11-06 20:03:42.415848', NULL),
	('JnUBCnnpxJidgnBSa7ZQ', -7.29331166666667, 112.671876666667, '2018-10-17 12:25:30.985384', NULL),
	('vJZaKvuQKl56kXDOujdz', -7.33455666666667, 112.636553333333, '2018-10-18 16:16:31.542185', NULL),
	('sKqFcnDLn3kBxUVzSYMA', -7.33455666666667, 112.636553333333, '2018-10-18 16:16:46.717885', NULL),
	('9M9lM9HDJiN2N3wHuEnD', -7.33455666666667, 112.636553333333, '2018-10-18 16:17:28.668173', NULL),
	('G60OhPHOEu31aMLtrRY9', -8.16268265, 114.43592284, '2018-10-20 19:36:11.457622', NULL),
	('AW9BbcVXMu0rfK9vopHU', -7.33439, 112.636335, '2018-11-06 20:04:18.450253', NULL),
	('EmziMhrwnDSaToG9vEbe', -8.16272659, 114.43595267, '2018-10-20 19:41:39.755155', NULL),
	('OvcIB57mXpcuOzdRof7v', -7.33474166666667, 112.636505, '2018-10-21 09:28:52.068649', NULL),
	('l0JeJqgYgmwAoM43GWp5', -7.33474166666667, 112.636505, '2018-10-21 09:29:04.68053', NULL),
	('s8MaH6mU9HumfxIGn3cM', -7.33434333333333, 112.636178333333, '2018-10-15 10:33:28.938589', NULL),
	('yjO9jNSsXl9Aq4hIkkb0', -7.33449, 112.636463333333, '2018-10-21 09:30:21.808756', NULL),
	('U9Q3cUFnV6XMBgvED098', -7.33448, 112.636406666667, '2018-10-11 20:39:25.501949', NULL),
	('OAr3OYFaGw5S14gBzIul', -7.33781894, 112.73017492, '2018-10-15 19:43:07.124857', NULL),
	('4iEFUurnWPBUdXQSRy0q', -7.33784931, 112.7301077, '2018-10-15 20:26:29.18451', NULL),
	('EZ8QISJmoKND7asz5HjG', -7.33441333333333, 112.636345, '2018-11-06 00:45:10.691702', NULL),
	('nDxkN9u9ws27g2WD2Teb', -7.33441333333333, 112.636345, '2018-11-06 00:45:20.948883', NULL),
	('sTvs6m7Y2PCpDAQFVMkf', -7.33780663, 112.73004822, '2018-10-16 20:30:48.211157', NULL),
	('g5ChW4U20SVyODr0IZW9', -7.33106392, 112.7145474, '2018-10-17 07:06:18.44929', NULL),
	('bjFRMPEancapRiLAnVFS', -7.33441333333333, 112.636345, '2018-11-06 00:45:28.851992', NULL),
	('nkOEMjm97OGyKJAATRzW', -7.33461166666667, 112.636301666667, '2018-10-21 11:42:14.212864', NULL),
	('r37DmlLetf7ioq4fRAKF', -7.33435333333333, 112.636253333333, '2018-10-11 22:07:36.787277', NULL),
	('iRYlLjTVeLEs0mlwsXj9', -7.33434666666667, 112.636291666667, '2018-10-11 22:13:36.761211', NULL),
	('Y5XZAoDbETQksaY3afPC', -7.33444, 112.636296666667, '2018-10-14 00:11:00.740611', NULL),
	('mXtED4aw0G1Kxayxq2I4', -7.33785152, 112.73014744, '2018-10-22 12:12:28.795274', NULL),
	('MnTopqFj2DKTbu2MxSpt', -7.33788948, 112.73021802, '2018-10-14 07:43:48.510725', NULL),
	('YmrcGyMKTdM4DmdFyxuL', -7.33438666666667, 112.636426666667, '2018-11-06 00:46:17.869559', NULL),
	('ypcj7lGSqdW5h87T1V3s', -7.33433833333333, 112.636423333333, '2018-11-06 00:46:46.589249', NULL),
	('Jj4GQIRECEyg0m5hkSS0', -7.33433833333333, 112.636423333333, '2018-11-06 00:46:51.947559', NULL),
	('B0ECTFcSuyMma4VlqNyg', -7.33433833333333, 112.636423333333, '2018-11-06 00:46:55.028552', NULL),
	('TOg2dCPYOuDB1fFs7S2i', -7.33433833333333, 112.636423333333, '2018-11-06 00:46:57.396093', NULL),
	('Bj5k0ubHCEnXa0iVlxxr', -7.33433833333333, 112.636423333333, '2018-11-06 00:47:02.033524', NULL),
	('HfuH48izX0LfFHK7z0mI', -7.33461333333333, 112.636381666667, '2018-11-06 00:47:15.988657', NULL),
	('ArO0daBUDYBbW9tY406I', -7.33464833333333, 112.636281666667, '2018-10-30 13:13:55.418304', NULL),
	('kpisWFPxpHNPRUuuGAJ1', -7.33455, 112.636523333333, '2018-10-30 13:15:04.122553', NULL),
	('nz7jdWKDrtGhJano3XrK', -7.33442833333333, 112.636351666667, '2018-10-30 13:16:27.198951', NULL),
	('0vPLKxTAIJFUmL06rz5G', -7.33457166666667, 112.63637, '2018-11-06 00:47:18.212274', NULL),
	('oim0iGQRB2foMF3MnuP5', -7.33429833333333, 112.636236666667, '2018-11-06 00:48:41.708909', NULL),
	('lgkTyb43UzAf66KhmC2u', -7.16982614, 112.58433975, '2018-10-17 08:47:29.63456', NULL),
	('9HsWIhlSu8YFxmjkjl5X', -7.33783156, 112.73014528, '2018-11-04 22:44:19.792805', NULL),
	('QEa1Ko0TijSWfGW06dvE', -7.33776299, 112.73013048, '2018-11-05 07:35:30.501545', NULL),
	('T7WbZq6DJqACOy0yt7uW', -7.30308833333333, 112.749238333333, '2018-10-14 10:07:26.704832', NULL),
	('bqNEeZI6QvtdjpGEj2kZ', -7.54055, 112.676976666667, '2018-10-14 12:48:09.607359', NULL),
	('exA58Dw0SIO5xYHTBA60', -7.33429833333333, 112.636236666667, '2018-11-06 00:48:44.930618', NULL),
	('m5gptyHpYgECBoAqL95S', -7.33779802, 112.73013443, '2018-11-05 08:08:22.817687', NULL),
	('Kxog7VK377EMkJd4MICw', -7.33783701, 112.73019184, '2018-11-05 08:09:04.149393', NULL),
	('zl4ilO7NtLVCgZsFM0AI', -7.33787417, 112.73017558, '2018-11-05 08:09:35.074916', NULL),
	('BskV4KIFyhe9xzoVxLQA', -7.33442166666667, 112.636308333333, '2018-11-06 00:20:37.693378', NULL),
	('kSsBgneLMyuBklUI7DkY', -7.33442166666667, 112.636308333333, '2018-11-06 00:21:30.511507', NULL),
	('LZ6pNiD8i0ChN09McTXo', -7.33431166666667, 112.636288333333, '2018-11-06 00:23:05.663616', NULL),
	('foDW2To0ylIMb0q0qo07', -7.33434166666667, 112.636266666667, '2018-11-06 00:23:37.669584', NULL),
	('0y6NAiyuu70wtPrDVlrC', -7.33440666666667, 112.63633, '2018-11-06 00:25:49.62702', NULL),
	('LwZKiRiSC88f88MW4Ydb', -7.33440666666667, 112.63633, '2018-11-06 00:26:40.370395', NULL),
	('Q823pKnryydms0OxvR7m', -7.33445, 112.636418333333, '2018-11-06 00:27:19.228929', NULL),
	('FAoO2IyGC03CFL36yb1R', -7.334735, 112.63645, '2018-11-06 00:48:52.631623', NULL),
	('i05IoUs6FID2LZBIqxcs', -7.33441, 112.63637, '2018-11-06 00:29:43.904835', NULL),
	('8uTXmEXqeNZsYuy0FAjb', -7.33441, 112.63637, '2018-11-06 00:30:31.108168', NULL),
	('FEu7B5vHqPeLbPZW5pkf', -7.33444666666667, 112.636333333333, '2018-11-06 00:31:32.897726', NULL),
	('g69AxuyS0gJkU1XBH76V', -7.33440833333333, 112.636375, '2018-11-06 00:33:46.923971', NULL),
	('CK1lORpo4kqPNwiQfzDQ', -7.33443166666667, 112.636216666667, '2018-11-06 00:50:23.725778', NULL),
	('jDCbf9NA50JNnZ0NYsyH', -7.33434, 112.636213333333, '2018-11-06 00:51:51.884105', NULL),
	('G8c4tbKXts9Weuzdg00a', -7.33440166666667, 112.636303333333, '2018-11-06 00:53:05.709013', NULL),
	('FQYyr1Fi2JFJK4UO0kyB', -7.334435, 112.636305, '2018-11-06 19:54:58.372931', NULL),
	('Xium0w5M2NBqw9g8fzXR', -7.33443333333333, 112.636316666667, '2018-11-06 00:55:40.347836', NULL),
	('qs5vBJuw4S3d5FVlgzaW', -7.33442833333333, 112.63635, '2018-11-06 00:58:32.509161', NULL),
	('sU98gqTtysAJz7s0KXBz', -7.33442833333333, 112.63635, '2018-11-06 00:58:35.709902', NULL),
	('fGg8WOt61HdEtVpSqx4Y', -7.33437333333333, 112.636323333333, '2018-11-06 00:59:12.609679', NULL),
	('0y0z3b1ee17Dp4eciBBM', -7.33446833333333, 112.636308333333, '2018-11-06 00:59:21.99103', NULL),
	('uAdqGXoo0Php9TfQQCIk', -7.33437666666667, 112.636336666667, '2018-11-06 01:00:02.715551', NULL),
	('xb01svDzttANRvQ7GxU0', -7.334455, 112.636116666667, '2018-11-06 01:00:12.589134', NULL),
	('fY0n4EbIpf0dmx1P5dJM', -7.334315, 112.636391666667, '2018-11-06 01:00:44.309633', NULL),
	('NbL0bNEIHcn5FqMXr9PO', -7.33439166666667, 112.636333333333, '2018-11-06 01:02:23.768551', NULL),
	('Yw40Kt8PHv9hRYvTmvA0', -7.33436333333333, 112.636326666667, '2018-11-06 01:07:19.548762', NULL),
	('s3Gh0F10oeYdin05WB7c', -7.33398833333333, 112.637016666667, '2018-11-06 01:09:24.22836', NULL),
	('Gq9WdVvMjAv5KFaQOjHM', -7.33464666666667, 112.636221666667, '2018-11-06 01:11:30.92446', NULL),
	('jeqv83wseZ58watbOsnd', -7.334435, 112.636305, '2018-11-06 19:55:07.332825', NULL),
	('zl8cDbUeb9AcHj8yNi98', -7.33455, 112.636248333333, '2018-11-06 19:55:43.875563', NULL),
	('eRLE1w57GWTU15Pc90kt', -7.33452, 112.636238333333, '2018-11-06 01:11:50.226889', NULL),
	('MfRGT8d30cPwRtsIVBZ1', -7.33431666666667, 112.63641, '2018-11-06 01:13:22.530024', NULL),
	('MiauWDCtyBJyOJppNsEy', -7.334265, 112.636663333333, '2018-11-06 01:13:57.025034', NULL),
	('oQiTV7EWsKfLyWVjaeEA', -7.334365, 112.636376666667, '2018-11-06 01:16:34.336124', NULL),
	('A0SOs3NgbZY8VReZbxFX', -7.33401833333333, 112.63712, '2018-11-06 01:16:59.434022', NULL),
	('i5cAZMwM6rEY7GfeBM59', -7.33445666666667, 112.636568333333, '2018-11-06 01:19:08.051512', NULL),
	('abKWnhkNkb6fk04FT23b', -7.33461833333333, 112.636546666667, '2018-11-06 01:19:39.469754', NULL),
	('z2Ur6OJEFj2qNxSio5GB', -7.33426333333333, 112.636233333333, '2018-11-06 01:20:07.07285', NULL),
	('gbcHonAcaccCeAFtaFpr', -7.33445333333333, 112.6363, '2018-11-06 19:58:04.431925', NULL),
	('rcERneCwLMpXBSMOHw63', -2.36502666666667, 119.425726666667, '2018-11-06 08:07:02.146109', NULL),
	('ScDjjX2iAmCc20MjDJAG', -7.33437, 112.636348333333, '2018-11-06 19:59:05.313289', NULL),
	('CS7bxI9ViLMBF0w2Cchf', -7.33445, 112.636293333333, '2018-11-06 19:59:44.634322', NULL),
	('PHgPYgoyTcsHv1fbIuKQ', -7.33445, 112.636293333333, '2018-11-06 20:00:25.203645', NULL),
	('Jin43Vspgd9XC0Vb6rOS', -7.33434333333333, 112.636453333333, '2018-11-06 20:01:08.511658', NULL),
	('zA135LSZ8vHvgaF5bq1S', -7.33446333333333, 112.636305, '2018-11-06 20:02:01.333697', NULL),
	('JbmKmSluxw7vFswBCgjc', -7.33447166666667, 112.636268333333, '2018-11-06 20:02:48.997035', NULL),
	('fZsEhtGK0xTW4CXyXOFT', -7.33439, 112.636335, '2018-11-06 20:05:08.373525', NULL),
	('h10v9vo1DFC4rT3XayfB', -7.33442333333333, 112.636403333333, '2018-11-06 20:05:46.356862', NULL),
	('06pl9fbgPN9RWLCIOyDa', -7.33451, 112.636333333333, '2018-11-06 20:06:27.674736', NULL),
	('OTVyvdayYNGgGAUnfCd5', -7.33451, 112.636333333333, '2018-11-06 20:07:23.90985', NULL),
	('z1MsgfWKxmh9KLIIKzh3', -7.33451, 112.636333333333, '2018-11-06 20:09:15.133289', NULL),
	('qNZuBUcsP4CZJOQaDh3J', -7.33441666666667, 112.636373333333, '2018-11-06 21:03:31.056029', NULL),
	('6T6Mvq7509RnarGkgiLh', -7.33441166666667, 112.636385, '2018-11-06 21:09:33.07664', NULL),
	('77Ew2C13iBYkZaiqfg9X', -7.33441666666667, 112.636286666667, '2018-11-07 06:44:11.675694', NULL),
	('4RR6P3CiTjWAbCcSQJEh', -7.33441666666667, 112.636286666667, '2018-11-07 10:29:57.457216', NULL),
	('jUd7MMtwfLVwNCrQ5K7y', -7.33441666666667, 112.636286666667, '2018-11-07 10:30:26.586085', NULL),
	('myIp86eXcSB0Bqa8yqnr', -7.16968, 112.584448333333, '2018-11-12 15:04:42.447259', NULL),
	('in2sX42eabIMlbuJaWgZ', -7.33441666666667, 112.636286666667, '2018-11-07 10:41:33.229507', NULL),
	('pqaFiH0X20hUDMuHay9m', -7.1566214, 112.65650237, '2018-11-13 10:56:06.518292', NULL),
	('3KLHO8RKfLZ40IQEKITh', -7.337805, 112.73015, '2018-11-10 19:11:24.565064', NULL),
	('CQh1MJveooNwvCBoTMgB', -7.33785705, 112.73018607, '2018-11-12 12:00:44.084458', NULL),
	('fdzkxWAYxuzR1qCav5zy', -7.33785769, 112.73018905, '2018-11-12 12:01:29.531575', NULL),
	('2ZsbOpNf0z4mEEuCdjPZ', -7.3377921, 112.73018666, '2018-11-14 16:44:17.549476', NULL),
	('691Z0UILdp8GZd29oZaG', -7.33785056, 112.73020516, '2018-11-12 12:04:26.644363', NULL),
	('0ualWiTrNTObfyxTu0uP', -7.33246666666667, 112.730026666667, '2018-11-12 12:12:24.582006', NULL),
	('BuUlJp0TKgcPdffuaJYA', -7.33246666666667, 112.730026666667, '2018-11-12 12:13:49.857295', NULL),
	('m3pJk0dcnxWwTVUP17rK', -7.1697382, 112.58466202, '2018-11-12 14:29:06.139041', NULL),
	('gxoaAzrv5zwW71gxhtNQ', -7.33246666666667, 112.730026666667, '2018-11-12 16:01:59.93525', NULL),
	('3r9uEov5welbgQ0GvqFx', -7.33441, 112.636368333333, '2018-11-12 22:39:59.180337', NULL),
	('vMvo6hOur2VEjfGTa1lV', -7.3378165, 112.73019051, '2018-11-12 23:51:14.284649', NULL),
	('jsE2Omx8Ooe37eoPe80n', -7.33788008, 112.73021272, '2018-11-13 06:40:08.854108', NULL),
	('91tt6bb4KG1jjLEuliTk', -7.33782816, 112.7301745, '2018-11-13 06:41:04.108584', NULL),
	('VO2sawNqcdzIbDNwcjcd', -7.33783973, 112.73018782, '2018-11-13 06:42:56.377555', NULL),
	('L4lp0Xw4ZIrrg7OZjjBZ', -7.33786768, 112.73016378, '2018-11-13 06:47:27.696776', NULL),
	('355266045896303', 40.7127, -74.005898, '2018-11-27 05:43:45.953465', NULL),
	('358240051111110', 37.4219983333333, -122.084, '2018-11-21 10:24:47.330844', NULL),
	('358916052415622', -7.14327567351159, 112.613471327981, '2018-11-24 08:18:56.806746', NULL),
	('355266043395902', 41.836899, -87.6847, '2018-11-30 21:57:21.875282', NULL),
	('357686081657244', -7.1804204, 112.5840998, '2019-01-19 17:52:23.218631', 4),
	('865815033130480', -7.2296027, 112.5681703, '2019-01-14 22:05:14.906386', 7),
	('861537034380211', -7.16976, 112.584401666667, '2018-12-17 07:07:48.097233', 7),
	('865815030289842', -7.162348, 112.6202388, '2019-01-19 20:48:06.953405', 3),
	('359999065535007', -7.1912549, 112.6299883, '2019-01-15 13:53:14.31515', 7),
	('866109039439940', -7.1572404, 112.6514955, '2019-01-16 19:26:12.134594', 6),
	('866357034404068', -7.15580230847524, 112.662241472326, '2018-12-18 11:05:27.980385', 4),
	('355266043236601', 41.836899, -87.6847, '2018-12-05 00:44:02.784489', NULL),
	('355266049247495', 41.836899, -87.6847, '2018-12-05 00:45:48.397738', NULL),
	('355266046056246', 41.836899, -87.6847, '2018-12-05 00:47:32.307192', NULL),
	('864209030091898', -7.1697934, 112.5845148, '2019-01-14 14:07:56.296254', 5),
	('865684032314549', -7.3378379, 112.7302184, '2019-01-14 12:36:30.767083', 6),
	('357227060135504', -7.1393732, 112.6113015, '2018-12-31 19:52:21.327664', 4),
	('869371042556956', -7.351103, 112.6913948, '2018-12-25 08:13:28.46115', 6),
	('358091059645421', -7.33773982, 112.73013043, '2018-12-18 07:30:12.246891', 7),
	('352112082615235', -7.29976729, 112.77173054, '2018-12-05 09:09:18.89839', NULL),
	('355266046693238', 40.7127, -74.005898, '2018-12-06 00:33:18.112887', NULL),
	('355266047528110', 41.836899, -87.6847, '2018-12-06 00:33:34.909208', NULL),
	('861081031206699', -7.16988333333333, 112.583995, '2018-12-09 12:21:54.2395', NULL),
	('355266046524367', 41.836899, -87.6847, '2018-12-03 17:11:43.626957', NULL),
	('355266041242205', 40.7127, -74.005898, '2018-12-03 17:18:40.848859', NULL),
	('355266046184162', 40.7127, -74.005898, '2018-12-03 17:20:01.656461', NULL),
	('356281080100320', -7.16659666666667, 112.601625, '2018-12-09 12:37:53.300197', NULL),
	('352723091185042', -7.16987712308764, 112.584245670587, '2018-12-18 13:16:48.857132', 5),
	('865255031229457', -7.0526246, 112.56378399, '2018-12-18 20:20:57.272051', 6),
	('865819035901385', -7.1697508, 112.5843994, '2019-01-02 16:30:58.873367', 4),
	('358432070113785', -7.15751268112569, 112.616503484213, '2018-12-18 20:58:56.318643', 3),
	('863197041481946', -7.1698001, 112.5845468, '2019-01-14 14:15:52.450466', 7),
	('358082050427695', -7.33449, 112.6361831, '2018-12-24 23:47:57.174045', 6),
	('864539030763645', -7.1742254, 112.6056282, '2019-01-03 08:57:04.830007', 8),
	('867287029069551', -7.1698166, 112.5845251, '2019-01-14 14:08:37.638297', 7),
	('356970081462776', -7.1698098, 112.5845405, '2019-01-14 14:09:35.26422', 4),
	('359614086194185', -7.16981333333333, 112.583945, '2019-01-04 10:10:37.305364', 5),
	('352414064350652', -7.1870448, 112.6161148, '2019-01-14 16:16:10.42255', 4),
	('353421088139085', -7.1698387, 112.5845443, '2019-01-14 14:09:38.093112', 7);
/*!40000 ALTER TABLE "tbpenumpang" ENABLE KEYS */;

-- Dumping data for table public.tbpenumpangnaikturun: 254 rows
/*!40000 ALTER TABLE "tbpenumpangnaikturun" DISABLE KEYS */;
INSERT INTO "tbpenumpangnaikturun" ("supirid", "angkotid", "ruteid", "naik", "waktu", "lat", "lng") VALUES
	(2, 1, 1, 'true', '2018-10-14 00:08:11', -7.33457833333333, 112.636731666667),
	(2, 1, 1, 'true', '2018-10-14 00:08:11', -7.33457833333333, 112.636731666667),
	(2, 1, 1, 'true', '2018-10-14 00:08:11', -7.33457833333333, 112.636731666667),
	(2, 1, 1, 'false', '2018-10-14 00:08:12', -7.33457833333333, 112.636731666667),
	(2, 1, 1, 'true', '2018-10-14 00:27:39', NULL, NULL),
	(2, 1, 1, 'true', '2018-10-14 00:27:39', NULL, NULL),
	(2, 1, 1, 'true', '2018-10-14 00:27:39', NULL, NULL),
	(2, 1, 1, 'true', '2018-10-14 00:27:39', NULL, NULL),
	(2, 1, 1, 'false', '2018-10-14 00:27:39', NULL, NULL),
	(2, 1, 1, 'false', '2018-10-14 00:27:39', NULL, NULL),
	(2, 1, 1, 'false', '2018-10-14 00:27:40', NULL, NULL),
	(2, 1, 1, 'false', '2018-10-14 00:27:40', NULL, NULL),
	(2, 1, 1, 'true', '2018-10-14 07:33:42', -7.30244833333333, 112.749726666667),
	(2, 1, 1, 'true', '2018-10-14 07:33:42', -7.30244833333333, 112.749726666667),
	(2, 1, 1, 'true', '2018-10-14 07:33:42', -7.30244833333333, 112.749726666667),
	(2, 1, 1, 'true', '2018-10-14 07:33:43', -7.30244833333333, 112.749726666667),
	(2, 1, 1, 'false', '2018-10-14 07:33:43', -7.30244833333333, 112.749726666667),
	(2, 1, 1, 'false', '2018-10-14 07:33:43', -7.30244833333333, 112.749726666667),
	(2, 1, 1, 'false', '2018-10-14 07:33:43', -7.30244833333333, 112.749726666667),
	(2, 1, 1, 'true', '2018-10-14 07:42:58', -7.30244833333333, 112.749726666667),
	(2, 1, 1, 'true', '2018-10-14 07:42:59', -7.30244833333333, 112.749726666667),
	(2, 1, 1, 'true', '2018-10-14 07:42:59', -7.30244833333333, 112.749726666667),
	(2, 1, 1, 'true', '2018-10-14 07:42:59', -7.30244833333333, 112.749726666667),
	(2, 1, 1, 'false', '2018-10-14 07:43:00', -7.30244833333333, 112.749726666667),
	(2, 1, 1, 'false', '2018-10-14 07:43:01', -7.30244833333333, 112.749726666667),
	(2, 1, 1, 'false', '2018-10-14 07:43:01', -7.30244833333333, 112.749726666667),
	(2, 1, 1, 'false', '2018-10-14 07:43:01', -7.30244833333333, 112.749726666667),
	(2, 1, 1, 'true', '2018-10-14 07:43:02', -7.30244833333333, 112.749726666667),
	(2, 1, 1, 'true', '2018-10-14 07:43:02', -7.30244833333333, 112.749726666667),
	(2, 1, 1, 'true', '2018-10-14 07:43:02', -7.30244833333333, 112.749726666667),
	(2, 1, 1, 'true', '2018-10-14 07:43:02', -7.30244833333333, 112.749726666667),
	(2, 1, 1, 'true', '2018-10-14 07:43:02', -7.30244833333333, 112.749726666667),
	(2, 1, 1, 'true', '2018-10-14 07:43:03', -7.30244833333333, 112.749726666667),
	(2, 1, 1, 'true', '2018-10-14 07:43:03', -7.30244833333333, 112.749726666667),
	(2, 1, 1, 'true', '2018-10-14 07:43:04', -7.30244833333333, 112.749726666667),
	(2, 1, 1, 'false', '2018-10-14 07:43:05', -7.30244833333333, 112.749726666667),
	(2, 1, 1, 'false', '2018-10-14 07:43:05', -7.30244833333333, 112.749726666667),
	(2, 1, 1, 'true', '2018-10-15 10:14:29', NULL, NULL),
	(2, 1, 1, 'false', '2018-10-15 10:14:30', NULL, NULL),
	(2, 1, 1, 'true', '2018-10-15 15:39:12', -7.30837833333333, 112.67261),
	(2, 1, 1, 'true', '2018-10-15 15:39:12', -7.30837833333333, 112.67261),
	(2, 1, 1, 'true', '2018-10-15 15:39:12', -7.30837833333333, 112.67261),
	(2, 1, 1, 'true', '2018-10-15 15:39:13', -7.30837833333333, 112.67261),
	(2, 1, 1, 'true', '2018-10-15 15:39:13', -7.30837833333333, 112.67261),
	(2, 1, 1, 'true', '2018-10-15 15:39:13', -7.30837833333333, 112.67261),
	(2, 1, 1, 'false', '2018-10-15 15:39:13', -7.30837833333333, 112.67261),
	(2, 1, 1, 'false', '2018-10-15 15:39:13', -7.30837833333333, 112.67261),
	(2, 1, 1, 'false', '2018-10-15 15:39:14', -7.30837833333333, 112.67261),
	(2, 1, 1, 'false', '2018-10-15 15:39:14', -7.30837833333333, 112.67261),
	(2, 1, 1, 'false', '2018-10-15 15:39:20', -7.30837833333333, 112.67261),
	(2, 1, 1, 'false', '2018-10-15 15:39:20', -7.30837833333333, 112.67261),
	(2, 1, 1, 'false', '2018-10-15 15:39:20', -7.30837833333333, 112.67261),
	(2, 1, 1, 'true', '2018-10-15 15:39:21', -7.30837833333333, 112.67261),
	(2, 1, 1, 'true', '2018-10-15 15:39:21', -7.30837833333333, 112.67261),
	(2, 1, 1, 'true', '2018-10-15 15:39:21', -7.30837833333333, 112.67261),
	(2, 1, 1, 'true', '2018-10-15 15:39:21', -7.30837833333333, 112.67261),
	(2, 1, 1, 'false', '2018-10-15 15:39:24', -7.30837833333333, 112.67261),
	(2, 1, 1, 'false', '2018-10-15 15:39:25', -7.30837833333333, 112.67261),
	(2, 1, 1, 'false', '2018-10-15 15:39:25', -7.30837833333333, 112.67261),
	(2, 1, 1, 'true', '2018-10-15 15:39:28', -7.30837833333333, 112.67261),
	(2, 1, 1, 'true', '2018-10-15 15:39:29', -7.30837833333333, 112.67261),
	(2, 1, 1, 'true', '2018-10-15 15:39:29', -7.30837833333333, 112.67261),
	(2, 1, 1, 'true', '2018-10-15 15:39:29', -7.30837833333333, 112.67261),
	(2, 1, 1, 'true', '2018-10-15 15:39:29', -7.30837833333333, 112.67261),
	(2, 1, 1, 'false', '2018-10-15 15:39:30', -7.30837833333333, 112.67261),
	(2, 1, 1, 'false', '2018-10-15 15:39:30', -7.30837833333333, 112.67261),
	(2, 1, 1, 'false', '2018-10-15 15:39:30', -7.30837833333333, 112.67261),
	(2, 1, 1, 'false', '2018-10-15 15:39:30', -7.30837833333333, 112.67261),
	(3, 1, 1, 'false', '2018-10-15 20:28:49', -7.33782248, 112.73002586),
	(3, 1, 1, 'true', '2018-10-15 20:28:51', -7.33782248, 112.73002586),
	(3, 1, 1, 'true', '2018-10-15 20:28:52', -7.33782248, 112.73002586),
	(3, 1, 1, 'false', '2018-10-15 20:28:53', -7.33782248, 112.73002586),
	(3, 1, 1, 'false', '2018-10-15 20:28:54', -7.33782248, 112.73002586),
	(3, 1, 1, 'true', '2018-10-16 18:10:06', NULL, NULL),
	(3, 1, 1, 'true', '2018-10-16 18:10:07', NULL, NULL),
	(3, 1, 1, 'false', '2018-10-16 18:10:07', NULL, NULL),
	(3, 1, 1, 'false', '2018-10-16 18:10:08', NULL, NULL),
	(3, 3, 2, 'true', '2018-10-16 20:36:02', -7.33779986, 112.73005611),
	(3, 3, 2, 'true', '2018-10-16 20:36:10', -7.337804, 112.7300621),
	(3, 3, 2, 'false', '2018-10-16 20:36:15', -7.337804, 112.7300621),
	(3, 3, 2, 'false', '2018-10-16 20:36:15', -7.337804, 112.7300621),
	(3, 3, 2, 'false', '2018-10-16 20:36:16', -7.337804, 112.7300621),
	(3, 3, 2, 'false', '2018-10-16 20:36:17', -7.337804, 112.7300621),
	(3, 3, 2, 'false', '2018-10-16 20:36:17', -7.337804, 112.7300621),
	(3, 3, 2, 'true', '2018-10-16 20:36:20', -7.337804, 112.7300621),
	(3, 3, 2, 'true', '2018-10-16 20:36:21', -7.337804, 112.7300621),
	(2, 1, 1, 'true', '2018-10-16 22:21:18', NULL, NULL),
	(2, 1, 1, 'true', '2018-10-16 22:21:18', NULL, NULL),
	(2, 1, 1, 'true', '2018-10-16 22:21:18', NULL, NULL),
	(2, 1, 1, 'false', '2018-10-16 22:21:18', NULL, NULL),
	(2, 1, 1, 'false', '2018-10-16 22:21:19', NULL, NULL),
	(2, 1, 1, 'false', '2018-10-16 22:21:19', NULL, NULL),
	(2, 1, 1, 'true', '2018-10-16 22:34:52', -7.33433, 112.636415),
	(2, 1, 1, 'true', '2018-10-16 22:34:52', -7.33433, 112.636415),
	(2, 1, 1, 'true', '2018-10-16 22:34:53', -7.33433, 112.636415),
	(2, 1, 1, 'false', '2018-10-16 22:34:53', -7.33433, 112.636415),
	(2, 1, 1, 'false', '2018-10-16 22:34:53', -7.33433, 112.636415),
	(2, 1, 1, 'false', '2018-10-16 22:34:53', -7.33433, 112.636415),
	(2, 1, 1, 'true', '2018-10-16 22:34:54', -7.33433, 112.636415),
	(2, 1, 1, 'true', '2018-10-16 22:34:54', -7.33433, 112.636415),
	(2, 1, 1, 'true', '2018-10-16 22:34:54', -7.33433, 112.636415),
	(2, 1, 1, 'true', '2018-10-16 22:45:00', -7.33440833333333, 112.636418333333),
	(2, 1, 1, 'true', '2018-10-16 22:45:31', -7.33440833333333, 112.636418333333),
	(2, 1, 1, 'true', '2018-10-16 22:45:31', -7.33440833333333, 112.636418333333),
	(2, 1, 1, 'true', '2018-10-16 22:45:31', -7.33440833333333, 112.636418333333),
	(2, 1, 1, 'true', '2018-10-16 22:45:31', -7.33440833333333, 112.636418333333),
	(2, 1, 1, 'false', '2018-10-16 22:45:32', -7.33440833333333, 112.636418333333),
	(2, 1, 1, 'false', '2018-10-16 22:45:32', -7.33440833333333, 112.636418333333),
	(2, 1, 1, 'false', '2018-10-16 22:45:32', -7.33440833333333, 112.636418333333),
	(2, 1, 1, 'false', '2018-10-16 22:45:32', -7.33440833333333, 112.636418333333),
	(2, 1, 1, 'true', '2018-10-17 07:53:32', -7.3345, 112.63722),
	(2, 1, 1, 'false', '2018-10-17 07:53:33', -7.3345, 112.63722),
	(2, 1, 1, 'false', '2018-10-17 07:53:33', -7.3345, 112.63722),
	(2, 1, 1, 'false', '2018-10-17 07:53:33', -7.3345, 112.63722),
	(2, 1, 1, 'true', '2018-10-17 07:53:34', -7.3345, 112.63722),
	(2, 1, 1, 'true', '2018-10-17 07:53:34', -7.3345, 112.63722),
	(2, 1, 1, 'true', '2018-10-17 07:53:34', -7.3345, 112.63722),
	(2, 1, 1, 'true', '2018-10-17 07:53:35', -7.3345, 112.63722),
	(2, 1, 1, 'true', '2018-10-17 07:53:35', -7.3345, 112.63722),
	(2, 1, 1, 'true', '2018-10-17 07:53:35', -7.3345, 112.63722),
	(2, 3, 2, 'true', '2018-10-17 07:53:48', -7.3345, 112.63722),
	(2, 3, 2, 'true', '2018-10-17 07:53:48', -7.3345, 112.63722),
	(2, 3, 2, 'true', '2018-10-17 07:53:48', -7.3345, 112.63722),
	(2, 3, 2, 'true', '2018-10-17 07:53:48', -7.3345, 112.63722),
	(2, 3, 2, 'true', '2018-10-17 07:53:48', -7.3345, 112.63722),
	(2, 3, 2, 'true', '2018-10-17 07:53:48', -7.3345, 112.63722),
	(2, 3, 2, 'true', '2018-10-17 07:53:48', -7.3345, 112.63722),
	(2, 3, 2, 'false', '2018-10-17 07:53:48', -7.3345, 112.63722),
	(2, 3, 2, 'false', '2018-10-17 07:53:49', -7.3345, 112.63722),
	(2, 3, 2, 'false', '2018-10-17 07:53:49', -7.3345, 112.63722),
	(2, 3, 2, 'false', '2018-10-17 07:53:49', -7.3345, 112.63722),
	(2, 3, 2, 'false', '2018-10-17 07:53:49', -7.3345, 112.63722),
	(2, 3, 2, 'true', '2018-10-17 07:53:50', -7.3345, 112.63722),
	(2, 3, 2, 'true', '2018-10-21 09:29:41', -7.33450833333333, 112.636465),
	(2, 3, 2, 'true', '2018-10-21 09:29:41', -7.33450833333333, 112.636465),
	(2, 3, 2, 'true', '2018-10-21 09:29:41', -7.33450833333333, 112.636465),
	(2, 3, 2, 'false', '2018-10-21 09:29:42', -7.33450833333333, 112.636465),
	(2, 3, 2, 'false', '2018-10-21 09:29:42', -7.33450833333333, 112.636465),
	(2, 3, 2, 'false', '2018-11-05 11:52:50', NULL, NULL),
	(2, 3, 2, 'false', '2018-11-05 11:52:50', NULL, NULL),
	(2, 3, 2, 'false', '2018-11-05 11:52:51', NULL, NULL),
	(2, 3, 2, 'false', '2018-11-05 11:52:51', NULL, NULL),
	(2, 3, 2, 'false', '2018-11-05 11:52:51', NULL, NULL),
	(2, 3, 2, 'false', '2018-11-05 11:52:51', NULL, NULL),
	(2, 3, 2, 'false', '2018-11-05 11:52:51', NULL, NULL),
	(2, 3, 2, 'false', '2018-11-05 11:52:52', NULL, NULL),
	(2, 3, 2, 'true', '2018-11-05 11:52:52', NULL, NULL),
	(2, 3, 2, 'true', '2018-11-05 11:52:53', NULL, NULL),
	(2, 3, 2, 'true', '2018-11-05 11:52:53', NULL, NULL),
	(2, 3, 2, 'true', '2018-11-05 11:52:53', NULL, NULL),
	(2, 3, 2, 'true', '2018-11-05 11:52:53', NULL, NULL),
	(2, 3, 2, 'true', '2018-11-05 11:52:53', NULL, NULL),
	(2, 3, 2, 'false', '2018-11-05 11:53:00', NULL, NULL),
	(2, 3, 2, 'false', '2018-11-05 11:53:00', NULL, NULL),
	(2, 3, 2, 'false', '2018-11-05 11:53:00', NULL, NULL),
	(2, 3, 2, 'false', '2018-11-05 11:53:01', NULL, NULL),
	(2, 3, 2, 'false', '2018-11-05 11:53:02', NULL, NULL),
	(2, 3, 2, 'true', '2018-11-05 11:53:02', NULL, NULL),
	(2, 3, 2, 'true', '2018-11-05 11:53:03', NULL, NULL),
	(2, 3, 2, 'true', '2018-11-05 11:53:03', NULL, NULL),
	(2, 3, 2, 'true', '2018-11-05 11:53:03', NULL, NULL),
	(2, 3, 2, 'true', '2018-11-05 11:53:03', NULL, NULL),
	(3, 3, 2, 'true', '2018-11-07 12:07:36', NULL, NULL),
	(3, 3, 2, 'true', '2018-11-07 12:07:37', NULL, NULL),
	(3, 3, 2, 'false', '2018-11-07 12:07:38', NULL, NULL),
	(3, 3, 2, 'false', '2018-11-07 12:07:39', NULL, NULL),
	(3, 3, 2, 'true', '2018-11-10 19:20:19', -7.33683204, 112.72973602),
	(3, 3, 2, 'false', '2018-11-10 19:20:19', -7.33683204, 112.72973602),
	(3, 3, 2, 'false', '2018-11-10 19:20:20', -7.33683204, 112.72973602),
	(3, 3, 2, 'true', '2018-11-10 19:20:21', -7.33683204, 112.72973602),
	(3, 3, 2, 'true', '2018-11-10 19:20:23', -7.33683204, 112.72973602),
	(3, 3, 2, 'true', '2018-11-10 19:20:23', -7.33683204, 112.72973602),
	(3, 3, 2, 'true', '2018-11-10 19:20:24', -7.33683204, 112.72973602),
	(3, 3, 2, 'true', '2018-11-10 19:20:25', -7.33673805, 112.73008752),
	(3, 3, 2, 'true', '2018-11-10 19:20:25', -7.33672583, 112.7301188),
	(3, 3, 2, 'true', '2018-11-10 19:25:02', -7.33788662, 112.73020775),
	(3, 3, 2, 'true', '2018-11-10 19:25:03', -7.33788662, 112.73020775),
	(3, 3, 2, 'true', '2018-11-10 19:25:03', -7.33788662, 112.73020775),
	(3, 3, 2, 'false', '2018-11-10 19:25:04', -7.33789998, 112.73019761),
	(3, 3, 2, 'false', '2018-11-10 19:25:04', -7.33789998, 112.73019761),
	(3, 3, 2, 'false', '2018-11-10 19:25:05', -7.33789998, 112.73019761),
	(3, 3, 2, 'false', '2018-11-10 19:25:06', -7.33789998, 112.73019761),
	(3, 3, 2, 'true', '2018-11-12 13:24:25', -7.176825, 112.657243333333),
	(3, 3, 2, 'true', '2018-11-12 13:24:26', -7.176825, 112.657243333333),
	(3, 3, 2, 'true', '2018-11-12 13:24:26', -7.176825, 112.657243333333),
	(3, 3, 2, 'true', '2018-11-12 14:30:11', -7.16960327, 112.5843008),
	(3, 3, 2, 'true', '2018-11-12 14:30:11', -7.16960327, 112.5843008),
	(3, 3, 2, 'true', '2018-11-12 14:30:12', -7.16960327, 112.5843008),
	(3, 3, 2, 'true', '2018-11-12 14:30:13', -7.16960327, 112.5843008),
	(3, 3, 2, 'true', '2018-11-12 14:30:14', -7.16960327, 112.5843008),
	(3, 3, 2, 'true', '2018-11-13 17:44:03', NULL, NULL),
	(3, 3, 2, 'true', '2018-11-13 17:44:03', NULL, NULL),
	(3, 3, 2, 'true', '2018-11-13 17:44:04', NULL, NULL),
	(3, 3, 2, 'true', '2018-11-13 17:44:04', NULL, NULL),
	(3, 3, 2, 'true', '2018-11-13 17:44:04', NULL, NULL),
	(3, 3, 2, 'false', '2018-11-13 17:44:04', NULL, NULL),
	(3, 3, 2, 'false', '2018-11-13 17:44:05', NULL, NULL),
	(3, 3, 2, 'false', '2018-11-13 17:44:05', NULL, NULL),
	(3, 3, 2, 'false', '2018-11-13 17:44:05', NULL, NULL),
	(3, 3, 2, 'false', '2018-11-13 17:44:05', NULL, NULL),
	(3, 3, 2, 'false', '2018-11-13 17:44:06', NULL, NULL),
	(3, 3, 2, 'false', '2018-11-13 17:44:06', NULL, NULL),
	(3, 3, 2, 'true', '2018-11-13 17:44:06', NULL, NULL),
	(3, 3, 2, 'true', '2018-11-13 17:44:06', NULL, NULL),
	(3, 3, 2, 'true', '2018-11-13 17:44:07', NULL, NULL),
	(3, 3, 2, 'true', '2018-11-13 17:44:07', NULL, NULL),
	(3, 3, 2, 'false', '2018-11-13 17:44:07', NULL, NULL),
	(3, 3, 2, 'false', '2018-11-13 17:44:07', NULL, NULL),
	(3, 3, 2, 'false', '2018-11-13 17:44:08', NULL, NULL),
	(2, 3, 2, 'true', '2018-11-16 23:31:57', -7.33442166666667, 112.636341666667),
	(2, 3, 2, 'true', '2018-11-16 23:31:58', -7.33442166666667, 112.636341666667),
	(2, 3, 2, 'false', '2018-11-16 23:31:58', -7.33442166666667, 112.636341666667),
	(3, 3, 2, 'true', '2018-11-21 00:24:09', NULL, NULL),
	(3, 3, 2, 'false', '2018-11-21 00:24:10', NULL, NULL),
	(3, 3, 2, 'true', '2018-11-21 00:24:28', NULL, NULL),
	(3, 3, 2, 'false', '2018-11-21 00:24:37', NULL, NULL),
	(2, 1, 2, 'false', '2018-12-06 09:53:58', NULL, NULL),
	(2, 1, 2, 'true', '2018-12-06 09:53:59', NULL, NULL),
	(4, 2, 8, 'true', '2018-12-18 13:20:31', -7.17079333333333, 112.652863333333),
	(4, 2, 8, 'true', '2018-12-18 13:23:35', -7.17218166666667, 112.653218333333),
	(2, 4, 5, 'true', '2018-12-18 13:31:31', -7.17784333333333, 112.650806666667),
	(2, 4, 5, 'true', '2018-12-18 13:31:33', -7.17777833333333, 112.650818333333),
	(2, 4, 5, 'true', '2018-12-18 13:31:44', -7.17777833333333, 112.650818333333),
	(2, 4, 5, 'true', '2018-12-18 13:31:46', -7.17777833333333, 112.650818333333),
	(2, 4, 5, 'true', '2018-12-18 13:31:46', -7.17777833333333, 112.650818333333),
	(2, 4, 5, 'true', '2018-12-18 13:31:47', -7.17777833333333, 112.650818333333),
	(2, 4, 5, 'false', '2018-12-18 13:31:48', -7.17777833333333, 112.650818333333),
	(2, 4, 5, 'false', '2018-12-18 13:31:48', -7.17777833333333, 112.650818333333),
	(2, 4, 5, 'false', '2018-12-18 13:31:49', -7.17777833333333, 112.650818333333),
	(2, 4, 5, 'false', '2018-12-18 13:31:51', -7.17777833333333, 112.650818333333),
	(2, 4, 5, 'true', '2018-12-18 13:31:53', -7.17777833333333, 112.650818333333),
	(2, 4, 5, 'false', '2018-12-18 13:31:58', -7.17777833333333, 112.650818333333),
	(2, 4, 5, 'false', '2018-12-18 13:31:59', -7.17777833333333, 112.650818333333),
	(2, 4, 5, 'false', '2018-12-18 13:32:00', -7.17777833333333, 112.650818333333),
	(2, 4, 5, 'true', '2018-12-18 13:32:02', -7.17777833333333, 112.650818333333),
	(2, 4, 5, 'false', '2018-12-18 13:32:03', -7.17777833333333, 112.650818333333),
	(2, 4, 5, 'false', '2018-12-18 13:32:04', -7.17777833333333, 112.650818333333),
	(2, 4, 5, 'true', '2018-12-18 13:32:07', -7.17777833333333, 112.650818333333),
	(6, 3, 7, 'true', '2018-12-18 13:37:49', -7.16686, 112.641486666667),
	(6, 3, 7, 'true', '2018-12-18 13:42:36', -7.16686, 112.641486666667),
	(6, 3, 7, 'true', '2018-12-18 13:42:38', -7.16686, 112.641486666667),
	(6, 3, 7, 'true', '2018-12-18 13:42:39', -7.16686, 112.641486666667),
	(2, 4, 5, 'true', '2018-12-18 13:46:16', NULL, NULL),
	(2, 4, 5, 'false', '2018-12-18 13:46:18', NULL, NULL),
	(2, 4, 5, 'true', '2018-12-18 13:46:27', NULL, NULL),
	(2, 4, 5, 'true', '2018-12-18 13:46:28', NULL, NULL),
	(2, 4, 5, 'true', '2018-12-18 13:46:29', NULL, NULL),
	(2, 4, 5, 'false', '2018-12-18 13:46:29', -7.16950558, 112.58399877),
	(2, 4, 5, 'false', '2018-12-18 13:46:30', -7.16950558, 112.58399877),
	(2, 4, 5, 'false', '2018-12-18 13:46:30', -7.16950558, 112.58399877),
	(2, 4, 5, 'true', '2018-12-18 13:46:31', -7.16950558, 112.58399877),
	(4, 2, 8, 'true', '2018-12-18 13:37:49', NULL, NULL),
	(5, 5, 6, 'false', '2018-12-18 14:02:06', -7.15777833333333, 112.658281666667),
	(5, 5, 6, 'false', '2018-12-18 14:02:08', -7.15777833333333, 112.658281666667);
/*!40000 ALTER TABLE "tbpenumpangnaikturun" ENABLE KEYS */;

-- Dumping data for table public.tbposisisupir: 0 rows
/*!40000 ALTER TABLE "tbposisisupir" DISABLE KEYS */;
INSERT INTO "tbposisisupir" ("supir_id", "angkot_id", "waktu", "lat", "lng", "rute_id", "imei", "lat_old", "lng_old") VALUES
	(5, 5, '2018-12-24 23:38:47.314938', -7.32430557440442, 112.655619131396, 6, '358082050427695', -7.3237947920192, 112.650812612842),
	(5, 5, '2018-12-25 08:13:08.209895', -7.3511394, 112.6915642, 6, '869371042556956', -7.33307, 112.6938633),
	(2, 4, '2019-01-14 12:37:13.203568', -7.3378296, 112.7301974, 5, '865684032314549', -7.3378296, 112.7301977),
	(2, 4, '2019-01-14 13:44:16.204757', -7.17002833333333, 112.583853333333, 5, '861537034380211', -7.17002833333333, 112.583853333333),
	(6, 3, '2019-01-14 14:21:03.051832', -7.16981, 112.584476666667, 7, '861537034380211', -7.16980833333333, 112.584466666667),
	(6, 3, '2019-01-15 00:57:41.952076', -7.16778, 112.600448333333, 7, '863197041481946', -7.16780166666667, 112.600445);
/*!40000 ALTER TABLE "tbposisisupir" ENABLE KEYS */;

-- Dumping data for table public.tb_angkot: 6 rows
/*!40000 ALTER TABLE "tb_angkot" DISABLE KEYS */;
INSERT INTO "tb_angkot" ("id", "nik_pemilik", "nama_pemilik", "alamat_pemilik", "merk", "type", "jenis", "model", "tahun_pembuatan", "isi_silinder", "nomor_rangka", "nomor_mesin", "akhir_stnk", "akhir_pajak_stnk", "nomor_uji_kir", "akhir_uji_kir", "max_penumpang", "gps_id", "aktif", "nopol", "jumlahsupir", "skitnomor", "skitakhir") VALUES
	(4, '12345678910', 'AGUS', 'TERMINAL BUNDER', '', 'FUTURA', 'LYN', 'MINI BUS', 2010, '1500 CC', '987654321', '12', '2020-09-25', '2019-02-20', '123456', '2019-05-22', 16, NULL, 'true', 'W 1234 AP', 1, '12345', '2019-02-27'),
	(6, '44544548554', 'rudi', 'manyar', '', 'futura', '', '', 2014, '', '555545454', '554541125', '2020-11-25', '2020-09-25', '', '2019-12-25', NULL, NULL, 'true', 'W 555 AP', 1, '5554655822215', '2019-05-24'),
	(3, '321009990822738', 'wanita', 'Jl. Manyar Baru 46C', '', 'A1B12N28V0 AT', 'MOBIL', 'MOBIL', 2017, '02494 CC', 'MHYHYA11SAJ113884', 'M15A1A116697', '2022-07-21', '2019-07-21', 'KIR54321', '2019-02-27', 8, NULL, 'true', 'W 4 NI', 1, '34343', '2019-05-16'),
	(2, '357890211123400', 'Brodin', 'Jl. Banjarmasin GKB blok B-12', '', 'F1C02N28L0 AT', 'MICRO BUS', 'MICRO BUS', 2018, '02771 CC', 'MH1JM213HCK192766', 'JN13E2293456', '2023-08-01', '2019-08-01', 'KIR12345', '2019-02-01', 14, NULL, 'true', 'W 15 KI', 1, '33434', '2019-08-23'),
	(1, '12398987777738832', 'Abah Sakrim', 'Jl. Bangka 25 Gresik', '', 'Minibus', 'Minibus', 'Minibus', 2011, '2400 CC', '333434', '554545', '2018-09-13', '2018-09-19', '55343455', '2019-04-11', 16, NULL, 'true', 'W 154 TA', 1, '3334', '2019-02-21'),
	(5, '5648852152', 'IRUL', 'MANYAREJO', '', '', '', '', 2010, '', '55546455', '885546225632', '2022-08-27', '2019-01-22', '557464546454646', '2020-05-21', 16, NULL, 'true', 'W 4321 AP', 1, '5464764552525', '2020-02-28');
/*!40000 ALTER TABLE "tb_angkot" ENABLE KEYS */;

-- Dumping data for table public.tb_login_supir_log: 0 rows
/*!40000 ALTER TABLE "tb_login_supir_log" DISABLE KEYS */;
INSERT INTO "tb_login_supir_log" ("imei", "waktu", "supir_id") VALUES
	('869371042556956', '2018-12-25 08:13:15.357747', 5),
	('865684032314549', '2019-01-14 12:37:14.750861', 2),
	('358082050427695', '2018-12-24 23:44:55.352354', 5),
	('358082050427695', '2018-12-19 23:46:10.678135', 6);
/*!40000 ALTER TABLE "tb_login_supir_log" ENABLE KEYS */;

-- Dumping data for table public.tb_penumpang: 0 rows
/*!40000 ALTER TABLE "tb_penumpang" DISABLE KEYS */;
INSERT INTO "tb_penumpang" ("id", "startPoint", "destinationPoint", "stopPoint", "rute_id", "updatedAt") VALUES
	('f72ae1f8-874c-4cc1-acc5-816eac1ef8d3', '-7.152804888539621,112.65129038539271', '-7.164010470073925,112.64220259084732', '-7.163953147837226,112.64265932142735', 4, NULL),
	('67b9c872-dba7-4be1-9719-1913645ca18d', '-7.154346149726784,112.65027070043789', '-7.166583230648316,112.64089347643574', '-7.165619432448842,112.64093264937401', 8, NULL),
	('e5ed3f5c-d18a-44de-a082-5323688bbd0a', '-7.152915817937052,112.6516477251115', '-7.165350799045343,112.63801821206619', '-7.164844672403908,112.63735961169004', 3, NULL),
	('4d1dbdae-400b-4560-a3f8-6791033dfa21', '-7.1545379752840175,112.65007564285747', '-7.166446039923358,112.64091165188358', '-7.165025305713742,112.64103960245849', 7, NULL),
	('471917e0-d66e-47d1-ba59-87cf7276c92b', '-7.154346149726784,112.65027070043789', '-7.166816037316448,112.64158053572703', '-7.162714324984962,112.6428722217679', 8, NULL);
/*!40000 ALTER TABLE "tb_penumpang" ENABLE KEYS */;

-- Dumping data for table public.tb_rute: 8 rows
/*!40000 ALTER TABLE "tb_rute" DISABLE KEYS */;
INSERT INTO "tb_rute" ("id", "nama_rute", "asal", "tujuan", "keterangan", "aktif", "latlng", "jumlahangkot", "alamatrutes", "warna_id", "nama_angkot") VALUES
	(1, 'ruteku', 'kalimas', 'driyo', 'ada aja', 'false', '', 1, NULL, 1, ''),
	(2, 'Rute Gubernur Suryo - Sungon Legowo (PP)', 'Terminal Gubernur Suryo', 'Terminal Sungon Legowo', 'Rute Angkutan Desa Gubernur Suryo - Sungon Legowo (PP)', 'false', '(-7.058393521332899, 112.57808911579866),(-7.057842511490606, 112.57781687158365),(-7.054999609706852, 112.57614853757639),(-7.051129189142897, 112.57596614736337),(-7.047743960044007, 112.57548871415872),(-7.044789193977564, 112.575177577913),(-7.043404972766117, 112.57494690793771),(-7.042391007533916, 112.57444143528414),(-7.040343896824111, 112.57336855167819),(-7.038549715189368, 112.57235467667056),(-7.037405055625651, 112.57170021767092),(-7.0357845954308695, 112.57065585093164),(-7.035188304458217, 112.57037153677607),(-7.033782758421253, 112.57000675635004),(-7.031280450024105, 112.5697653575387),(-7.02809664240856, 112.5693522973504),(-7.024047171598691, 112.56883194880152),(-7.0207834515272936, 112.56846180395746),(-7.016884238393632, 112.56791999773645),(-7.014270029416807, 112.56749084429407),(-7.013143119987387, 112.56731770866531),(-7.011385020604654, 112.56735525959152),(-7.008967781017257, 112.56713370869682),(-7.008318212294633, 112.56715516636893),(-7.007700633057628, 112.56658101454923),(-7.006673696764072, 112.56539832745602),(-7.005406498245671, 112.56426643525174),(-7.003212147848912, 112.56410013829282),(-7.000216812024527, 112.5640250364404),(-6.996306360399588, 112.56395476099749),(-6.993439145011178, 112.56389575239916),(-6.991623484494152, 112.56389575239916),(-6.990932512009299, 112.5641292203851),(-6.990346812696877, 112.56274520053341),(-6.988089201206569, 112.5575739015527),(-6.986109171837768, 112.55409811845084),(-6.984788671451784, 112.55176996102591),(-6.982567166178418, 112.5478978116007),(-6.978989000372273, 112.54162144250586),(-6.975996525225865, 112.53614973611548),(-6.974899634528032, 112.53421854562475),(-6.973834689645047, 112.53218006677344),(-6.9724689263645265, 112.52888366420882),(-6.971393326439396, 112.52614781101363)', 2, '["Jalan Nongkokerep RT. 04 RW. 02, Nongkokerep, Karangrejo, Manyar, Kabupaten Gresik, Jawa Timur 61151, Indonesia","Jl. Raya Bungah No.1A, Lemahdelik, Bungah, Kabupaten Gresik, Jawa Timur 61152, Indonesia","Jl. Tuban-Gresik No.21, Lemahdelik, Bungah, Kabupaten Gresik, Jawa Timur 61152, Indonesia","Jl. Raya Bungah No.6, Bungah, Kabupaten Gresik, Jawa Timur 61152, Indonesia","Jl. Raya Bungah No.35, Area Sawah/Kebun, Bungah, Kabupaten Gresik, Jawa Timur 61152, Indonesia","Jl. Raya Bungah No.35, Area Sawah/Kebun, Bungah, Kabupaten Gresik, Jawa Timur 61152, Indonesia","Jl. Tuban-Gresik, Area Sawah/Kebun, Bungah, Kabupaten Gresik, Jawa Timur 61152, Indonesia","Jl. Tuban-Gresik, Area Sawah/Kebun, Bungah, Kabupaten Gresik, Jawa Timur 61152, Indonesia","Jl. Raya Bungah No.37, Area Sawah/Kebun, Abar-Abir, Bungah, Kabupaten Gresik, Jawa Timur 61152, Indonesia","Jl. Raya Bungah No.16, Abar Abir, Abar-Abir, Bungah, Kabupaten Gresik, Jawa Timur 61152, Indonesia","Jl. Raya Bungah No.KM. 37,5, Abar Abir, Abar-Abir, Bungah, Kabupaten Gresik, Jawa Timur 61151, Indonesia","Jl. Tuban-Gresik, Abar Abir, Abar-Abir, Bungah, Kabupaten Gresik, Jawa Timur 61152, Indonesia","Jl. Tuban-Gresik, Abar Abir, Abar-Abir, Bungah, Kabupaten Gresik, Jawa Timur 61152, Indonesia","JL RAYA BUNGAH NO 5 BUNGAH GRESIK, Abar Abir, Abar-Abir, Bungah, Kabupaten Gresik, Jawa Timur 61152, Indonesia","Jl. Tuban-Gresik, Abar Abir, Abar-Abir, Bungah, Kabupaten Gresik, Jawa Timur 61152, Indonesia","Jl. Tuban-Gresik, Bungah, Kabupaten Gresik, Jawa Timur 61152, Indonesia","Jl. KH. Wahab Hasbullah No.02, Kemangi, Bungah, Kabupaten Gresik, Jawa Timur 61152, Indonesia","Jl. Tuban-Gresik, Bungah, Kabupaten Gresik, Jawa Timur 61152, Indonesia","Jl. Tuban-Gresik, Bungah, Kabupaten Gresik, Jawa Timur 61152, Indonesia","Pegundan, Bungah, Raciwetan, Gresik, Kabupaten Gresik, Jawa Timur 61152, Indonesia","Jl. Tuban-Gresik No.168, Raciwetan, Bungah, Kabupaten Gresik, Jawa Timur 61152, Indonesia","Jl. Tuban-Gresik No.212, Raciwetan, Bungah, Kabupaten Gresik, Jawa Timur 61152, Indonesia","Jl. Raya Bungah No.168, Raciwetan, Bungah, Kabupaten Gresik, Jawa Timur 61152, Indonesia","Jl. Tuban-Gresik No.168, Raciwetan, Ngawen, Sidayu, Kabupaten Gresik, Jawa Timur 61153, Indonesia","Jl. Raya Ngawen No.14, Raciwetan, Bungah, Kabupaten Gresik, Jawa Timur 61153, Indonesia","Ngawen Selatan, Jl. Raya Kertosono Sidayu, Pekuncen, Raci Tengah, Gresik, Kabupaten Gresik, Jawa Timur 61153, Indonesia","Unnamed Road, Pekuncen, Raci Tengah, Sidayu, Kabupaten Gresik, Jawa Timur 61153, Indonesia","Depan UGD, Jl. Raya Pahlawan, Pekuncen, Raci Tengah, Gresik, Kabupaten Gresik, Jawa Timur 61153, Indonesia","Jl. Pahlawan No.12, Sidayu, Raci Tengah, Sidayu, Kabupaten Gresik, Jawa Timur 61153, Indonesia","Jl. Raya Pahlawan No.53, Asempapak, Sidayu, Kabupaten Gresik, Jawa Timur 61153, Indonesia","Jl. Raya Pahlawan No.4, Kauman, Sidayu, Kabupaten Gresik, Jawa Timur 61153, Indonesia","Alun Alun Sidayu, Jl. Raya Pahlawan, Kauman, Gresik, Kabupaten Gresik, Jawa Timur 61153, Indonesia","Jl. Pemuda No.6, Kauman, Sidayu, Kabupaten Gresik, Jawa Timur 61153, Indonesia","Jl. Nasional 17 No.12, Kauman, Sidayu, Kabupaten Gresik, Jawa Timur 61153, Indonesia","Jl. Tuban-Gresik, Purwodadi, Sidayu, Kabupaten Gresik, Jawa Timur 61153, Indonesia","Jalan Tuban-Gresik, Area Sawah, Golokan, Sidayu, Kabupaten Gresik, Jawa Timur 61153, Indonesia","Jl. Tuban-Gresik, Area Sawah, Golokan, Sidayu, Kabupaten Gresik, Jawa Timur 61153, Indonesia","Jalan Tuban-Gresik No.44, Golokan, Sidayu, Area Sawah, Golokan, Gresik, Kabupaten Gresik, Jawa Timur 61153, Indonesia","Jl. Tuban-Gresik, Golokan, Sidayu, Kabupaten Gresik, Jawa Timur 61153, Indonesia","Jl. Tuban-Gresik No.16, Gerdugeneng, Golokan, Sidayu, Kabupaten Gresik, Jawa Timur 61161, Indonesia","Jl. Tuban-Gresik No.16, Gerdugeneng, Golokan, Sidayu, Kabupaten Gresik, Jawa Timur 61153, Indonesia","Jl. Tuban-Gresik, Gerdugeneng, Golokan, Sidayu, Kabupaten Gresik, Jawa Timur 61153, Indonesia","Jl. Tuban-Gresik, Sambipondok, Bolo, Ujungpangkah, Kabupaten Gresik, Jawa Timur 61153, Indonesia","Jl. Tuban-Gresik, Sambipondok, Bolo, Ujungpangkah, Kabupaten Gresik, Jawa Timur 61153, Indonesia"]', 10, 'Lyn zx'),
	(5, 'Rute Lyn A', 'Terminal Gubernur Suryo', 'Sub Terminal Gulumantung', 'Trmn. Gub. Suryo -- Nyai Ageng Pinatih -- Basuki Rahmat -- Pahlawan -- Veteran -- Trmn. Gulomantung -- (PP)', 'true', '(-7.151893264394567, 112.64947727055232),(-7.151961128567504, 112.64945111901443),(-7.152047622106626, 112.64962613315265),(-7.152297787942957, 112.65020817250888),(-7.152574567006414, 112.65089750022571),(-7.152723601817233, 112.65118986100833),(-7.152883281917713, 112.65150367946308),(-7.1529684446151265, 112.65185504884403),(-7.153040300628711, 112.65229761333148),(-7.1531228019637, 112.6529855999438),(-7.1531148179642, 112.65315592021625),(-7.1532186099469195, 112.65364542336147),(-7.153295788585432, 112.65400618047397),(-7.153357653887202, 112.65425746239123),(-7.153389589867405, 112.65437212682662),(-7.153417533848267, 112.65447874463496),(-7.153465437811455, 112.65461218453345),(-7.153484067129129, 112.65469868577418),(-7.153502696446026, 112.65481200910506),(-7.153510680438746, 112.65496422446665),(-7.15352132576216, 112.65511912203726),(-7.153543947073592, 112.65525390304026),(-7.153587859027896, 112.65547853804526),(-7.15363842430337, 112.65573535955843),(-7.153714044537248, 112.65610535404971),(-7.153768601792843, 112.65621331296256),(-7.153797547981763, 112.65625601095394),(-7.153856097220682, 112.656401520793),(-7.153894686487694, 112.65663152021602),(-7.153923961101875, 112.65686420184807),(-7.153962550363136, 112.65712370557026),(-7.154002470285147, 112.65738991481498),(-7.154050374186963, 112.6576722173138),(-7.154090294101302, 112.65794781429008),(-7.154106262066067, 112.65807723087505),(-7.154244651070561, 112.65811679345802),(-7.154405661301834, 112.65811880511478),(-7.154552034190083, 112.6580939946814),(-7.154670583342448, 112.65804030560435),(-7.154651954073208, 112.65789948963106),(-7.154604050234533, 112.65739121102274),(-7.154556146390818, 112.65697412752093),(-7.1545268718171835, 112.65674211644114),(-7.15450291989191, 112.65654229186953),(-7.154470983989592, 112.65627809428156),(-7.154465661338991, 112.6561962869066),(-7.15455880771561, 112.65617080592096),(-7.1547291324694005, 112.65616410039843),(-7.154939376999722, 112.65616275929392),(-7.155168250682112, 112.65615337156237),(-7.155652175640365, 112.6561225261587),(-7.156088857143739, 112.65607529376757),(-7.156476663855547, 112.65604176615489),(-7.156623036079582, 112.65603774284136),(-7.156591100325617, 112.65561797713053),(-7.1567021168319895, 112.65550838885065),(-7.156853811606526, 112.65545876798387),(-7.1570853456388415, 112.65541987595316),(-7.157553808057071, 112.65537927045693),(-7.157628324655638, 112.65532696738114),(-7.1578146160987925, 112.65522370233407),(-7.158386796484304, 112.65509093298783),(-7.158940347058024, 112.65504399433007),(-7.159478769787878, 112.6550973326772),(-7.160230276345299, 112.65517228303042),(-7.16080912774729, 112.65522871095402),(-7.161249842247039, 112.65525506846802),(-7.161598357103464, 112.6552501205955),(-7.161784646925171, 112.65524475617747),(-7.162064081515027, 112.65525950832705),(-7.162284967783921, 112.65526084943156),(-7.162606982514344, 112.65520586414675),(-7.163007190172216, 112.65516204658888),(-7.163544767503828, 112.65509633246802),(-7.164237175221411, 112.65499580331334),(-7.164718864530554, 112.65493813581952),(-7.165187705323636, 112.65484532222104),(-7.165472460349752, 112.65480106577229),(-7.1660133082677415, 112.65470633005134),(-7.1665048340025095, 112.6546419977542),(-7.166916270925849, 112.65456394158196),(-7.167648610911592, 112.65447440056982),(-7.168339736398491, 112.65437171521967),(-7.16896507546248, 112.65426542601926),(-7.169354170404657, 112.65418396704138),(-7.169686071823481, 112.65412093512953),(-7.170170416605919, 112.65400425903738),(-7.1703755097021755, 112.6539318214385),(-7.170976365184702, 112.65370805072553),(-7.171407484069535, 112.65358601021535),(-7.171870537231945, 112.65338484453923),(-7.172477295835411, 112.65316758560903),(-7.173748151576493, 112.65260163950688),(-7.1747434440543, 112.65221808361775),(-7.175376810861588, 112.6519740025974),(-7.177067752485668, 112.65122726054506),(-7.178503796169179, 112.6506398567708),(-7.17984649657144, 112.65011793730696),(-7.181189711257869, 112.64955649886633),(-7.18178581277184, 112.649317782264),(-7.183321923107792, 112.64874139140102),(-7.184713328293504, 112.64832524280723),(-7.186546821083732, 112.64768474825757),(-7.188941684313625, 112.64696489655876),(-7.191420216860818, 112.64616683802501),(-7.191939486783544, 112.64602316148716),(-7.191928842358369, 112.64563960559803),(-7.191667106246682, 112.644337975349),(-7.191619206302698, 112.64383103784519),(-7.191502117529456, 112.64314707454639),(-7.1913264843129845, 112.64267232355076),(-7.1911455288067785, 112.64209564861255),(-7.1907407928935525, 112.64077333591729),(-7.190586448296676, 112.64025566957741),(-7.190399009349823, 112.63961162423197),(-7.1903005480734254, 112.63931524013583),(-7.190199425659228, 112.638715766421),(-7.190039758643599, 112.63786148284976),(-7.18998919741028, 112.63715472077433),(-7.189927991699254, 112.6364291832358),(-7.189873025925304, 112.63558757120063),(-7.189886331516967, 112.63330903464248),(-7.190088576462269, 112.63237830811431),(-7.1903014657810935, 112.63164070063522),(-7.190908199792217, 112.63083335572173),(-7.19119559983034, 112.63044443541457),(-7.191339299781197, 112.6298731248944),(-7.1914164719582585, 112.62962233835151),(-7.191385867351743, 112.62957202396342),(-7.191325992383894, 112.62980068228194),(-7.191270109073428, 112.630036046123),(-7.191153020210176, 112.63042161366889),(-7.191055889652984, 112.63055371246287),(-7.190950775738904, 112.63069654009291),(-7.190835017349676, 112.63083668551394),(-7.190257555519035, 112.63163531324813),(-7.19011784690131, 112.63192968568751),(-7.189977268588107, 112.6325990112773),(-7.189821593172408, 112.63336947581683),(-7.189802965341312, 112.63368262371932),(-7.189783006950012, 112.6343048310165),(-7.189789659747206, 112.6346568709497),(-7.189829576528354, 112.63568080424113),(-7.189879164755763, 112.63641175638372),(-7.189931056560344, 112.63713033391741),(-7.189951014945154, 112.6373898376396),(-7.190036217258704, 112.63815383124256),(-7.1901628354361105, 112.63878447559523),(-7.190273460706395, 112.63937744925647),(-7.190334666370856, 112.63958464990287),(-7.1905180537857225, 112.64011133345844),(-7.1906138539009365, 112.64047143049606),(-7.190772587204651, 112.64099896538164),(-7.190857742815889, 112.64124505805876),(-7.190902981727873, 112.64143349371943),(-7.191039983784796, 112.64185384932762),(-7.191106511568272, 112.64206104997402),(-7.191228922664403, 112.64245637648878),(-7.19129012820009, 112.64267028265772),(-7.191403813754825, 112.64305644325987),(-7.191698789641713, 112.64478740939296),(-7.191901033779841, 112.64590454944766),(-7.191709434072294, 112.64597026356853),(-7.189837436546539, 112.6465627115549),(-7.188980531038232, 112.64684955140865),(-7.188113015516073, 112.6471107789115),(-7.186799159731349, 112.64750200664002),(-7.1852211031191615, 112.64802906071145),(-7.183564685988911, 112.64857942394053),(-7.182455289218764, 112.64893615204778),(-7.180991647867282, 112.64952355582204),(-7.17951735708914, 112.65009486634222),(-7.178112252405476, 112.65065548993584),(-7.17671001447934, 112.65128291528606),(-7.175480540532318, 112.65177375953579),(-7.174543796248072, 112.65218314484548),(-7.173804430699459, 112.65250991988569),(-7.173136465893471, 112.6527633886376),(-7.172535030608142, 112.65302222180753),(-7.171446590394933, 112.65341875847969),(-7.170994181716907, 112.65362394746933),(-7.170515160273838, 112.6538140082962),(-7.1700813793101155, 112.65395080095595),(-7.169538487215169, 112.65408893472022),(-7.168771091537572, 112.65422706848449),(-7.166980072266202, 112.65449126607245),(-7.165997160816934, 112.65462939983672),(-7.165261606401083, 112.65477505872809),(-7.162868999631242, 112.65513094005371),(-7.16226734256133, 112.65521006521965),(-7.162105004464242, 112.65520872411514),(-7.161745731420931, 112.65522347626472),(-7.161663231645088, 112.6552194529512),(-7.161487586911332, 112.6552181118467),(-7.16078500729978, 112.65519799527908),(-7.160095733068448, 112.65512423453117),(-7.159453657159784, 112.65506120261932),(-7.1590065591747445, 112.65501158175255),(-7.158812284318469, 112.65502365169311),(-7.1585541381485704, 112.65503572163368),(-7.1580697810232525, 112.65511752900863),(-7.15776373092622, 112.65521006521965),(-7.157540181160368, 112.65534819898392),(-7.157087758680057, 112.65538440880562),(-7.1566113839365455, 112.65549303827072),(-7.156594334616533, 112.6555423578252),(-7.156591673303612, 112.65600705053703),(-7.156497134477303, 112.6560105801749),(-7.156304189209803, 112.65602533232448),(-7.156191704557035, 112.65603518714397),(-7.155912795551856, 112.6560547681571),(-7.1556329325725425, 112.65608900339339),(-7.1553197533018595, 112.65610896828548),(-7.155015607756516, 112.6561332378061),(-7.15460670343466, 112.65613929816448),(-7.154433717309681, 112.6561808724042),(-7.154462991889282, 112.65645489058647),(-7.154516065659824, 112.65689827161214),(-7.154614534675097, 112.6578135382158),(-7.154634494608024, 112.65803347935503),(-7.154516065659824, 112.65807371249025),(-7.154273137338438, 112.65808578243082),(-7.15397107668754, 112.65806030144518),(-7.153632076792264, 112.65802782469802),(-7.1534963489330385, 112.65799295598083),(-7.153102671145828, 112.65786900427884),(-7.1529177084465285, 112.65777646806782),(-7.152486545469589, 112.65748542935717),(-7.152081112692673, 112.65719252438657),(-7.151862882824639, 112.65694710226171),(-7.151651306206658, 112.65664803595655),(-7.151470334933628, 112.65623631687276),(-7.151326622401004, 112.65587690086477),(-7.151206861922621, 112.6556127032768),(-7.151119037551827, 112.65539812655561),(-7.150947380778352, 112.65504809827917),(-7.150677254097178, 112.65455993623846),(-7.1504630155812565, 112.65418576808088),(-7.150307929141119, 112.6538840195667),(-7.150197483121374, 112.65370028824918),(-7.150081714373207, 112.65353667349927),(-7.149928686672553, 112.65328588695638),(-7.1499020731541645, 112.65321480841749),(-7.149976591001747, 112.6531276366245),(-7.150125626660451, 112.65297340960615),(-7.15026667822121, 112.65284466357343),(-7.15041704445971, 112.65275212736242),(-7.150617976258662, 112.65260594697111),(-7.1508189079692075, 112.65244769663923),(-7.151081050531533, 112.6522626242172),(-7.151321902194724, 112.65211242051237),(-7.151701637005229, 112.6518844327461),(-7.151929181640786, 112.65174629898183),(-7.152163379509844, 112.65158536644094),(-7.152623083708182, 112.65131581567903),(-7.152716230460755, 112.65125412487168),(-7.152807223013833, 112.65117571529095),(-7.1527300442927295, 112.65103221710865),(-7.152575686811361, 112.65071839865391),(-7.1524279826208605, 112.65032411392872),(-7.152247011655632, 112.64991105374042),(-7.15209930735881, 112.6495288389558),(-7.152036765885389, 112.649383999669),(-7.151915674923146, 112.64935315426533),(-7.151854464094851, 112.64940009292309)', 1, '["Jl. Gubernur Suryo No.15, Karangturi, Kroman, Gresik, Kabupaten Gresik, Jawa Timur, Indonesia","Jl. Gubernur Suryo No.14, Tlogopojok, Kroman, Gresik, Kabupaten Gresik, Jawa Timur 61116, Indonesia","Jl. Gubernur Suryo No.11, Tlogopojok, Kroman, Gresik, Kabupaten Gresik, Jawa Timur 61116, Indonesia","bendo grogol RT 002 RW 004 tylangan, Karangturi, Kroman, Kec. Gresik, sidoarjo, Jawa Timur 61273, Indonesia","Jl. Gubernur Suryo No.1, Karangpoh, Kemuteran, Gresik, Kabupaten Gresik, Jawa Timur 61116, Indonesia","Jl. Samanhudi No.175, Karangpoh, Kemuteran, Gresik, Kabupaten Gresik, Jawa Timur 61116, Indonesia","Jl. Samanhudi No.184, Kebungson, Kemuteran, Gresik, Kabupaten Gresik, Jawa Timur 61116, Indonesia","JL H. Samanhudi, No. 187, Kebungson, Kemuteran, Kec. Gresik, Kabupaten Gresik, Jawa Timur 61116, Indonesia","Jl. KH. Abdul Karim No.125, Kebungson, Kemuteran, Kec. Gresik, Kabupaten Gresik, Jawa Timur 61114, Indonesia","Jalan Samanhudi Lantai 2 Blok DD No 82, Karangpoh, Kemuteran, Kec. Gresik, Kabupaten Gresik, Jawa Timur 61116, Indonesia","Gg. I No.171, Kebungson, Kemuteran, Gresik, Kabupaten Gresik, Jawa Timur 61114, Indonesia","JL. H. Samanhudi, No. 41, Kroman, Pekelingan, Kec. Gresik, Kabupaten Gresik, Jawa Timur 61115, Indonesia","Jl. Samanhudi No.78, Kroman, Pekelingan, Kec. Gresik, Kabupaten Gresik, Jawa Timur 61115, Indonesia","Jl. Samanhudi No.70, Kroman, Pekelingan, Kec. Gresik, Kabupaten Gresik, Jawa Timur 61115, Indonesia","Jl. Samanhudi No.68, Kroman, Pekelingan, Kec. Gresik, Kabupaten Gresik, Jawa Timur 61115, Indonesia","Jl. Samanhudi No.58, Kroman, Pekelingan, Kec. Gresik, Kabupaten Gresik, Jawa Timur 61115, Indonesia","Jl. Samanhudi No.52, Kroman, Pekelingan, Gresik, Kabupaten Gresik, Jawa Timur 61115, Indonesia","Jl. Samanhudi No.55, Kemuteran, Pekelingan, Gresik, Kabupaten Gresik, Jawa Timur 61115, Indonesia","Jl. Samanhudi No.46, Kemuteran, Pekelingan, Gresik, Kabupaten Gresik, Jawa Timur 61115, Indonesia","Jl. Samanhudi No.39-40, Kemuteran, Bedilan, Kec. Gresik, Kabupaten Gresik, Jawa Timur 61114, Indonesia","Jl. Samanhudi No.40, Kemuteran, Pekelingan, Kec. Gresik, Kabupaten Gresik, Jawa Timur 61116, Indonesia","No Gresik, Jl. Samanhudi No.88, Kemuteran, Pekelingan, Kec. Gresik, Kabupaten Gresik, Jawa Timur 61115, Indonesia","Jl. Samanhudi No.24-26, Kemuteran, Pekelingan, Kec. Gresik, Kabupaten Gresik, Jawa Timur 61116, Indonesia","Jl. Samanhudi No.18, Kemuteran, Pekelingan, Gresik, Kabupaten Gresik, Jawa Timur 61116, Indonesia","Jl. Samanhudi No.4, Kemuteran, Pekelingan, Gresik, Kabupaten Gresik, Jawa Timur 61116, Indonesia","No., Jl. Samanhudi No.3, Kemuteran, Pekelingan, Kec. Gresik, Kabupaten Gresik, Jawa Timur 61114, Indonesia","Jl. Samanhudi No.1, Kemuteran, Pekelingan, Kec. Gresik, Kabupaten Gresik, Jawa Timur 61114, Indonesia","Jl. Nyai Ageng Pinat No.32, Kemuteran, Pekelingan, Gresik, Kabupaten Gresik, Jawa Timur 61114, Indonesia","Jl. Nyai Ageng Pinat No.28, Kemuteran, Pekelingan, Gresik, Kabupaten Gresik, Jawa Timur 61114, Indonesia","Jl. Nyai Ageng Pinat No.20, Kemuteran, Pekelingan, Gresik, Kabupaten Gresik, Jawa Timur 61114, Indonesia","JL. Nyai Ageng Pinatih, No. 30, Kebungson, Kemuteran, Pekelingan, Kec. Gresik, Kabupaten Gresik, Jawa Timur 61115, Indonesia","Jalan Nyai Ageng Pinatih No.2, Bedilan, Kebungson, Kec. Gresik, Kabupaten Gresik, Jawa Timur 61114, Indonesia","Jl. Nyai Ageng Pinat No.8, Kebungson, Bedilan, Kebungson, Kec. Gresik, Kabupaten Gresik, Jawa Timur 61114, Indonesia","Jalan MH.Kholil 11 gresik, Bedilan, Pekelingan, Kec. Gresik, Kabupaten Gresik, Jawa Timur 61115, Indonesia","Jl. Kh. Kholil No.11, Bedilan, Kebungson, Gresik, Kabupaten Gresik, Jawa Timur 61114, Indonesia","Jl. Kh. Kholil No.11, Bedilan, Kebungson, Gresik, Kabupaten Gresik, Jawa Timur 61114, Indonesia","Jl. Kh. Kholil No.02, Bedilan, Kebungson, Kec. Gresik, Kabupaten Gresik, Jawa Timur 61114, Indonesia","Jl. Kh. Kholil No.2, Pulopancikan, Kebungson, Gresik, Kabupaten Gresik, Jawa Timur 61114, Indonesia","Jl. Kh. Kholil No.2, Pulopancikan, Kebungson, Kec. Gresik, Kabupaten Gresik, Jawa Timur 61114, Indonesia","Jl. Basuki Rahmat No.24, Bedilan, Kebungson, Gresik, Kabupaten Gresik, Jawa Timur 61114, Indonesia","Jl. Basuki Rahmat No.23, Bedilan, Kebungson, Gresik, Kabupaten Gresik, Jawa Timur 61114, Indonesia","Jl. Basuki Rahmat No.2B, Bedilan, Kebungson, Gresik, Kabupaten Gresik, Jawa Timur 61114, Indonesia","Jl. Basuki Rahman No.23, Bedilan, Kebungson, Kec. Gresik, Kabupaten Gresik, Jawa Timur 61114, Indonesia","Jl. Basuki Rahmat No.10, Bedilan, Kebungson, Kec. Gresik, Kabupaten Gresik, Jawa Timur 61114, Indonesia","Jl. Basuki Rahmat No.6, Bedilan, Kebungson, Gresik, Kabupaten Gresik, Jawa Timur 61114, Indonesia","Jl. HOS Cokroaminoto No.2, Bedilan, Kebungson, Kec. Gresik, Kabupaten Gresik, Jawa Timur 61114, Indonesia","No 19 Komplek BHG 2 Gresik, Jl. Raden Santri, Bedilan, Kebungson, Kec. Gresik, Kabupaten Gresik, Jawa Timur 61114, Indonesia","Jl. Raden Santri No.30, Bedilan, Kebungson, Gresik, Kabupaten Gresik, Jawa Timur 61114, Indonesia","Jl. Raden Santri No.25, Bedilan, Kec. Gresik, Kabupaten Gresik, Jawa Timur 61114, Indonesia","Jl. Raden Santri No.20 A, Bedilan, Kebungson, Gresik, Kabupaten Gresik, Jawa Timur 61114, Indonesia","Jl. Raden Santri No.6, Bedilan, Kebungson, Gresik, Kabupaten Gresik, Jawa Timur 61114, Indonesia","Jl. Raden Santri No.11, Bedilan, Kebungson, Kec. Gresik, Kabupaten Gresik, Jawa Timur 61114, Indonesia","Jalan KH. Wakhid Hasyim No.17 Bedilan, Bedilan, Kebungson, Kec. Gresik, Kabupaten Gresik, Jawa Timur 61114, Indonesia","Jl. KH. Wachid Hasyim No.5, Bedilan, Kebungson, Gresik, Kabupaten Gresik, Jawa Timur 61114, Indonesia","Jl. KH. Wachid Hasyim No.5, Bedilan, Kec. Gresik, Kabupaten Gresik, Jawa Timur 61114, Indonesia","Jl. KH. Wachid Hasyim No.2, Bedilan, Kebungson, Kec. Gresik, Kabupaten Gresik, Jawa Timur 61114, Indonesia","No, Jl. KH. Wachid Hasyim No.17, Kebungson, Bedilan, Kebungson, Kec. Gresik, Kabupaten Gresik, Jawa Timur 61114, Indonesia","JL. Wachid Hasyim 1, No. 4 RT. 004/02, Bedilan, Kebungson, Kec. Gresik, Kabupaten Gresik, Jawa Timur 61114, Indonesia","Jl. KH. Wachid Hasyim No.8, Bedilan, Kebungson, Kec. Gresik, Kabupaten Gresik, Jawa Timur 61114, Indonesia","Jl. KH. Wachid Hasyim No.8, Bedilan, Kebungson, Kec. Gresik, Kabupaten Gresik, Jawa Timur 61114, Indonesia","Jl. Pahlawan No.2, Bedilan, Kebungson, Kec. Gresik, Kabupaten Gresik, Jawa Timur 61114, Indonesia","Jl. Pahlawan No.7, Bedilan, Kebungson, Kec. Gresik, Kabupaten Gresik, Jawa Timur 61113, Indonesia","Jl. Pahlawan No.19, Bedilan, Kebungson, Gresik, Kabupaten Gresik, Jawa Timur 61113, Indonesia","Jl. Pahlawan No.31, Gapuro Sukolilo, Bedilan, Gresik, Kabupaten Gresik, Jawa Timur 61113, Indonesia","Jl. Pahlawan No.26, Tlogobendung, Bedilan, Gresik, Kabupaten Gresik, Jawa Timur 61113, Indonesia","Jl. Pahlawan No.44, RT.02/RW.04, Tlogobendung, Kec. Gresik, Kabupaten Gresik, Jawa Timur 61113, Indonesia","Jl. Pahlawan No.55, Gapuro Sukolilo, Bedilan, Gresik, Kabupaten Gresik, Jawa Timur 61113, Indonesia","Jl. Pahlawan No.85, Sumberrejo, Bedilan, Gresik, Kabupaten Gresik, Jawa Timur 61113, Indonesia","Jl. Kyai H. Agus Salim No.4, Sumberrejo, Pulopancikan, Gresik, Kabupaten Gresik, Jawa Timur 61111, Indonesia","Jl. Panglima Sudirman No.11, Sumberrejo, Pulopancikan, Gresik, Kabupaten Gresik, Jawa Timur 61111, Indonesia","Jl. Panglima Sudirman No.21, Sumberrejo, Pulopancikan, Kec. Gresik, Kabupaten Gresik, Jawa Timur 61111, Indonesia","Jl. Panglima Sudirman No.17, Sumberrejo, Pulopancikan, Gresik, Kabupaten Gresik, Jawa Timur 61111, Indonesia","Jl. Panglima Sudirman No.19, Sumberrejo, Pulopancikan, Gresik, Kabupaten Gresik, Jawa Timur 61111, Indonesia","Jl. Panglima Sudirman No.29, Sumberrejo, Pulopancikan, Gresik, Kabupaten Gresik, Jawa Timur 61111, Indonesia","Jl. Panglima Sudirman No.47, Sumberrejo, Pulopancikan, Gresik, Kabupaten Gresik, Jawa Timur 61111, Indonesia","Jl. Panglima Sudirman No.61, Sumberrejo, Pulopancikan, Gresik, Kabupaten Gresik, Jawa Timur 61111, Indonesia","Jl. Panglima Sudirman No.52 A, Sumberrejo, Pulopancikan, Kec. Gresik, Kabupaten Gresik, Jawa Timur 61111, Indonesia","Jl. Panglima Sudirman No.71, Sumberrejo, Pulopancikan, Gresik, Kabupaten Gresik, Jawa Timur 61111, Indonesia","Jl. Panglima Sudirman No.83a, Kramatandap, Gapurosukolilo, Gresik, Kabupaten Gresik, Jawa Timur 61111, Indonesia","Jl. Panglima Sudirman No.85, Kramatandap, Gapurosukolilo, Gresik, Kabupaten Gresik, Jawa Timur 61122, Indonesia","Jl. Panglima Sudirman No.93e, Kramatandap, Gapurosukolilo, Gresik, Kabupaten Gresik, Jawa Timur 61111, Indonesia","Jl. Panglima Sudirman No.121, Kramatandap, Gapurosukolilo, Gresik, Kabupaten Gresik, Jawa Timur 61122, Indonesia","Jl. Panglima Sudirman No.133, Kramatandap, Gapurosukolilo, Kec. Gresik, Kabupaten Gresik, Jawa Timur 61122, Indonesia","Jl. Panglima Sudirman No.141, Kramatandap, Gapurosukolilo, Kec. Gresik, Kabupaten Gresik, Jawa Timur 61111, Indonesia","Jl. Panglima Sudirman, Gang 3 No. 6, Gresik, Kramatandap, Gapurosukolilo, Kec. Gresik, Kabupaten Gresik, Jawa Timur 61111, Indonesia","Jl. Panglima Sudirman No.167, Kramatandap, Gapurosukolilo, Gresik, Kabupaten Gresik, Jawa Timur 61122, Indonesia","Jl. Veteran No.5c/26, Injen Timur, Gapurosukolilo, Kec. Gresik, Kabupaten Gresik, Jawa Timur 61122, Indonesia","Komplek Matahari Plaza, Jl. Veteran No.1, Injen Timur, Gapurosukolilo, Kec. Gresik, Kabupaten Gresik, Jawa Timur 61122, Indonesia","Jl. Veteran No.2, Injen Timur, Gapurosukolilo, Gresik, Kabupaten Gresik, Jawa Timur 61122, Indonesia","Jl. Veteran No.57, Injen Timur, Gapurosukolilo, Gresik, Kabupaten Gresik, Jawa Timur 61122, Indonesia","Jl. Veteran No.61, Injen Timur, Singosari, Kec. Gresik, Kabupaten Gresik, Jawa Timur 61122, Indonesia","Jl. Veteran No.67, Injen Timur, Gapurosukolilo, Gresik, Kabupaten Gresik, Jawa Timur 61122, Indonesia","Gg. XIII No.220, Kb. Dalem, Sidokumpul, Kec. Gresik, Kabupaten Gresik, Jawa Timur 61122, Indonesia","Gedung Pertamina Inti Graha Lt 2, JL Veteran, No. 6-8, Gending, Sidomoro, Kebomas, Kabupaten Gresik, Jawa Timur 60175, Indonesia","Gg. XIII No.165, Gending Wetan, Singosari, Kebomas, Kabupaten Gresik, Jawa Timur 61122, Indonesia","Jl. Veteran No.221, Gending Wetan, Gending, Kebomas, Kabupaten Gresik, Jawa Timur 61123, Indonesia","Jl. Veteran No.245, Panggang, Gending, Kebomas, Gersik, Jawa Timur 61123, Indonesia","perumahan ABR BLOK E5 NO 2, Tenggulunan, Kebomas, Kabupaten Gresik, Jawa Timur 61123, Indonesia","Jl. Mayjend Sungkono, Segoromadu, Gending, Kebomas, Kabupaten Gresik, Jawa Timur 61123, Indonesia","Jl. Mayjend Sungkono No.6, Segoromadu, Kebomas, Kabupaten Gresik, Jawa Timur 61123, Indonesia","Jalan Mayjend Sungkono Ruko Sinar Indranusa Jaya No. 05, Segoromadu, Gending, Kebomas, Gresik Regency, East Java 61123, Indonesia","Jl. Mayjend Sungkono No.3, RT.3/RW.1, Segoromadu, Gending, Kebomas, Kabupaten Gresik, Jawa Timur 61123, Indonesia","Jl. Mayjend Sungkono No.15A, Segoromadu, Ngargosari, Kebomas, Kabupaten Gresik, Jawa Timur 61123, Indonesia","Jl. Mayjend Sungkono No.12, RT.3/RW.1, Segoromadu, Gending, Kebomas, Kabupaten Gresik, Jawa Timur 61124, Indonesia","JL. Mayjen Sungkono, No. 9, 61121, Citapen, Ngargosari, Kec. Gresik, Kabupaten Gresik, Jawa Timur 61124, Indonesia","Jl. Mayjend Sungkono No.14, Citapen, Gulomantung, Kebomas, Kabupaten Gresik, Jawa Timur 61123, Indonesia","Jl. Mayjend Sungkono No.13, Jagongan, Ngargosari, Kebomas, Kabupaten Gresik, Jawa Timur 61124, Indonesia","Jl. Mayjend Sungkono No.15, Jagongan, Gulomantung, Kebomas, Kabupaten Gresik, Jawa Timur 61124, Indonesia","Blok B Rusunawa, Jl. Mayjend Sungkono No.3, Jagongan, Gulomantung, Kebomas, Kabupaten Gresik, Jawa Timur 61124, Indonesia","Blok B Rusunawa, Jl. Mayjend Sungkono No.3, Jagongan, Gulomantung, Kebomas, Kabupaten Gresik, Jawa Timur 61124, Indonesia","Jl. Mayjend Sungkono No.12, Pundung, Gulomantung, Kebomas, Kabupaten Gresik, Jawa Timur 61124, Indonesia","JL. Mayor Jenderal Sungkono, No. 28, Kawisanyar, Kebomas, Pundung, Ngargosari, Kec. Gresik, Kabupaten Gresik, Jawa Timur 61124, Indonesia","Jl. Mayjend Sungkono No.10, Pundung, Ngargosari, Kebomas, Kabupaten Gresik, Jawa Timur 61124, Indonesia","Jalan Mayjend Sungkono No. 10, Kebomas, Pundung, Ngargosari, Kec. Gresik, Kabupaten Gresik, Jawa Timur 61124, Indonesia","Jl. Mayjend Sungkono No.17, Jagongan, Gulomantung, Kebomas, Kabupaten Gresik, Jawa Timur 61124, Indonesia","Jl. Mayjend Sungkono No.17, Jagongan, Ngargosari, Kebomas, Kabupaten Gresik, Jawa Timur 61123, Indonesia","Jl. Mayjend Sungkono No.17, Jagongan, Gulomantung, Kebomas, Kabupaten Gresik, Jawa Timur 61124, Indonesia","Jl. Mayjend Sungkono No.10, Pundung, Gulomantung, Kebomas, Kabupaten Gresik, Jawa Timur 61124, Indonesia","Jl. Mayjend Sungkono No.10, Pundung, Gulomantung, Kebomas, Kabupaten Gresik, Jawa Timur 61124, Indonesia","Jl. Mayjend Sungkono No.13, Jagongan, Ngargosari, Kebomas, Kabupaten Gresik, Jawa Timur 61124, Indonesia","Jl. Mayjend Sungkono Blok A No.18, Citapen, Ngargosari, Kebomas, Kabupaten Gresik, Jawa Timur 61124, Indonesia","Jl. Mayjend Sungkono Blok A No.18, Citapen, Ngargosari, Kebomas, Kabupaten Gresik, Jawa Timur 61124, Indonesia","Jl. Mayjend Sungkono No.15, RW.1, Jagongan, Ngargosari, Kebomas, Kabupaten Gresik, Jawa Timur 61123, Indonesia","Jl. Mayjend Sungkono No.33, RW.1, Citapen, Ngargosari, Kebomas, Kabupaten Gresik, Jawa Timur 61123, Indonesia","Jl. Mayjend Sungkono No.14, Citapen, Gulomantung, Kebomas, Kabupaten Gresik, Jawa Timur 61123, Indonesia","Jl. Mayjend Sungkono No.12, Citapen, Ngargosari, Kebomas, Kabupaten Gresik, Jawa Timur 61124, Indonesia","Jalan Mayjend Sungkono No.14, Kebomas, Citapen, Ngargosari, Kec. Gresik, Kabupaten Gresik, Jawa Timur 61124, Indonesia","Jl. Mayjend Sungkono No.14a, Citapen, Ngargosari, Kebomas, Kabupaten Gresik, Jawa Timur 61123, Indonesia","Jl. Mayjend Sungkono No.15A, RW.1, Jagongan, Ngargosari, Kebomas, Kabupaten Gresik, Jawa Timur 61123, Indonesia","JL. Mayjen Sungkono, No. 9, 61121, Citapen, Ngargosari, Kec. Gresik, Kabupaten Gresik, Jawa Timur 61124, Indonesia","no, Jl. Mayjend Sungkono No.12, Kebonpoh, Ngargosari, Kebomas, Kabupaten Gresik, Jawa Timur 61124, Indonesia","Jl. Mayjend Sungkono No.5, Jagongan, Ngargosari, Kebomas, Kabupaten Gresik, Jawa Timur 61123, Indonesia","Jl. Mayjend Sungkono No.12, RT.3/RW.1, Segoromadu, Gending, Kebomas, Kabupaten Gresik, Jawa Timur 61124, Indonesia","Jl. Mayjen Sungkono No 5 BC 7, Segoromadu, Gending, Kebomas, Kabupaten Gresik, Jawa Timur 61123, Indonesia","Jl. Mayjend Sungkono No.10, Segoromadu, Gending, Kec. Gresik, Kabupaten Gresik, Jawa Timur 61123, Indonesia","Jl. Mayjend Sungkono No.3, RT.3/RW.1, Segoromadu, Gending, Kebomas, Kabupaten Gresik, Jawa Timur 61123, Indonesia","JL. Mayjen. Sungkono, No. 26, Segoromadu, Gending, Kec. Gresik, Kabupaten Gresik, Jawa Timur 61124, Indonesia","Jl. Mayjend Sungkono No.3, RT.3/RW.1, Segoromadu, Gending, Kebomas, Kabupaten Gresik, Jawa Timur 61123, Indonesia","Jl. Mayjend Sungkono No.3, RT.3/RW.1, Segoromadu, Gending, Kebomas, Kabupaten Gresik, Jawa Timur 61123, Indonesia","Jl. Mayjend Sungkono No.10, Segoromadu, Gending, Kec. Gresik, Kabupaten Gresik, Jawa Timur 61123, Indonesia","Jalan Mayjend Sungkono Ruko Sinar Indranusa Jaya No. 05, Segoromadu, Gending, Kebomas, Gresik Regency, East Java 61123, Indonesia","Jl. Mayjend Sungkono No.4, RT.3/RW.1, Segoromadu, Gending, Kebomas, Kabupaten Gresik, Jawa Timur 61124, Indonesia","Jl. Mayjend Sungkono No.4, Segoromadu, Gending, Kebomas, Kabupaten Gresik, Jawa Timur 61123, Indonesia","perumahan ABR BLOK E5 NO 2, Tenggulunan, Kebomas, Kabupaten Gresik, Jawa Timur 61123, Indonesia","Jl. Veteran No.256, Tenggulunan, Kebomas, Kabupaten Gresik, Jawa Timur 61123, Indonesia","Jl. Veteran No.196, Panggang, Gending, Kebomas, Kabupaten Gresik, Jawa Timur 61123, Indonesia","Jl. Veteran No.180, Segoromadu, Gending, Kebomas, Kabupaten Gresik, Jawa Timur 61123, Indonesia","Jl. Veteran No.168, Segoromadu, Gending, Kebomas, Kabupaten Gresik, Jawa Timur 61123, Indonesia","No. Kebomas, Jl. Veteran No.226, Panggang, Gending, Kec. Gresik, Kabupaten Gresik, Jawa Timur 61123, Indonesia","Jl. Veteran No.225, Gending Wetan, Gending, Kebomas, Kabupaten Gresik, Jawa Timur 61123, Indonesia","Jl. Veteran No.177, Gending Wetan, Gending, Kebomas, Kabupaten Gresik, Jawa Timur 61122, Indonesia","Jl. Veteran No.179A, Gending Wetan, Singosari, Kec. Gresik, Kabupaten Gresik, Jawa Timur 61123, Indonesia","Jl. Veteran No.118, Gending, Sidomoro, Kebomas, Kabupaten Gresik, Jawa Timur 61123, Indonesia","Jl. Veteran No.147, Kb. Dalem, Sidokumpul, Gresik, Kabupaten Gresik, Jawa Timur 61123, Indonesia","Jl. Veteran No.129, Kb. Dalem, Sidokumpul, Gresik, Kabupaten Gresik, Jawa Timur 61122, Indonesia","Jl. Veteran IX No.17, Kb. Dalem, Sidokumpul, Gresik, Kabupaten Gresik, Jawa Timur 61122, Indonesia","Jl. Veteran No.27, Injen Timur, Gapurosukolilo, Kebomas, Kabupaten Gresik, Jawa Timur 61133, Indonesia","Jl. Veteran No.94, Injen Timur, Gapurosukolilo, Gresik, Kabupaten Gresik, Jawa Timur 61122, Indonesia","Jl. Veteran No.54, Injen Timur, Sidomoro, Kebomas, Kabupaten Gresik, Jawa Timur 61122, Indonesia","Jl. R.A. Kartini No.132, Injen Timur, Gapurosukolilo, Gresik, Kabupaten Gresik, Jawa Timur 61122, Indonesia","Jl. Veteran No.52, Injen Timur, Gapurosukolilo, Gresik Sub-District, Gresik Regency, East Java 61122, Indonesia","Jl. Veteran No.5c/26, Injen Timur, Gapurosukolilo, Kec. Gresik, Kabupaten Gresik, Jawa Timur 61122, Indonesia","Jl. Panglima Sudirman No.168, Kramatandap, Gapurosukolilo, Gresik, Kabupaten Gresik, Jawa Timur 61111, Indonesia","Jl. Panglima Sudirman No.144, Kramatandap, Gapurosukolilo, Kec. Gresik, Kabupaten Gresik, Jawa Timur 61111, Indonesia","Jl. Panglima Sudirman No.132, Kramatandap, Gapurosukolilo, Kec. Gresik, Kabupaten Gresik, Jawa Timur 61122, Indonesia","Jl. Panglima Sudirman No.143, Kramatandap, Gapurosukolilo, Gresik, Kabupaten Gresik, Jawa Timur 61111, Indonesia","Jl. Panglima Sudirman No.108, Kramatandap, Gapurosukolilo, Gresik, Kabupaten Gresik, Jawa Timur 61111, Indonesia","Jl. Panglima Sudirman No.74A, Kramatandap, Gapurosukolilo, Kec. Gresik, Kabupaten Gresik, Jawa Timur 61111, Indonesia","Jl. Panglima Sudirman No.66, Kramatandap, Gapurosukolilo, Gresik, Kabupaten Gresik, Jawa Timur 61111, Indonesia","Jl. Panglima Sudirman No.52, Kramatandap, Pulopancikan, Gresik, Kabupaten Gresik, Jawa Timur 61111, Indonesia","Jl. Panglima Sudirman No.19, Sumberrejo, Pulopancikan, Gresik, Kabupaten Gresik, Jawa Timur 61111, Indonesia","no, Jl. Panglima Sudirman No.33, Sumberrejo, Pulopancikan, Kec. Gresik, Kabupaten Gresik, Jawa Timur 61111, Indonesia","Jl. Panglima Sudirman No.11, Sumberrejo, Pulopancikan, Gresik, Kabupaten Gresik, Jawa Timur 61111, Indonesia","Jl. Pahlawan No.85, Sumberrejo, Bedilan, Gresik, Kabupaten Gresik, Jawa Timur 61113, Indonesia","Jl. Pahlawan No.85, Sumberrejo, Bedilan, Gresik, Kabupaten Gresik, Jawa Timur 61113, Indonesia","Jl. Pahlawan No.61, Gapuro Sukolilo, Bedilan, Gresik, Kabupaten Gresik, Jawa Timur 61113, Indonesia","Jl. Pahlawan No.44, RT.02/RW.04, Tlogobendung, Kec. Gresik, Kabupaten Gresik, Jawa Timur 61113, Indonesia","Jl. Pahlawan No.37-39, Gapuro Sukolilo, Bedilan, Kec. Gresik, Kabupaten Gresik, Jawa Timur 61113, Indonesia","Jalan Pahlawan 10 No.2 RT 03 RW 04, Tlogobendung, Bedilan, Gresik Sub-District, Gresik Regency, East Java 61113, Indonesia","Jl. Pahlawan No.21, Bedilan, Kebungson, Kec. Gresik, Kabupaten Gresik, Jawa Timur 61113, Indonesia","Jl. Pahlawan No.17, Bedilan, Gapurosukolilo, Kec. Gresik, Kabupaten Gresik, Jawa Timur 61113, Indonesia","Jl. Pahlawan No.10, Bedilan, Tlogobendung, Gresik, Kabupaten Gresik, Jawa Timur 61113, Indonesia","Jl. Pahlawan No.2, Bedilan, Pekauman, Kec. Gresik, Kabupaten Gresik, Jawa Timur 61114, Indonesia","Jl. Pahlawan No.2, Bedilan, Kebungson, Kec. Gresik, Kabupaten Gresik, Jawa Timur 61114, Indonesia","Jl. KH. Wachid Hasyim No.8, Bedilan, Kebungson, Gresik, Kabupaten Gresik, Jawa Timur 61114, Indonesia","Jl. KH. Wachid Hasyim No.6, Bedilan, Kebungson, Gresik, Kabupaten Gresik, Jawa Timur 61114, Indonesia","Jl. KH. Wachid Hasyim No.5, Bedilan, Kebungson, Kec. Gresik, Kabupaten Gresik, Jawa Timur 61114, Indonesia","Jl. KH. Wachid Hasyim No.5, Bedilan, Kebungson, Gresik, Kabupaten Gresik, Jawa Timur 61114, Indonesia","Jl. Raden Santri No.11, Bedilan, Kebungson, Kec. Gresik, Kabupaten Gresik, Jawa Timur 61114, Indonesia","DPRD Alunalun, Jl. Raden Santri No.1, Bedilan, Belakang Kantor, Kec. Gresik, Kabupaten Gresik, Jawa Timur 61114, Indonesia","Jalan Raden Santri no 19 BHG, Bedilan, Kec. Gresik, Kabupaten Gresik, Jawa Timur 61114, Indonesia","Jl. Raden Santri No.26-30, Bedilan, Kebungson, Kec. Gresik, Kabupaten Gresik, Jawa Timur 61114, Indonesia","Jalan Raden Santri No.19, Kebungson, Kecamatan Gresik, Bedilan, Kebungson, Kec. Gresik, Kabupaten Gresik, Jawa Timur 61114, Indonesia","Jl. Basuki Rahmat No.6, Bedilan, Kebungson, Gresik, Kabupaten Gresik, Jawa Timur 61114, Indonesia","Jl. Basuki Rahmat No.5, Bedilan, Kebungson, Gresik, Kabupaten Gresik, Jawa Timur 61114, Indonesia","Jl. Basuki Rahmat No.21, Bedilan, Kebungson, Gresik, Kabupaten Gresik, Jawa Timur 61114, Indonesia","Jl. Basuki Rahmat No.25, Bedilan, Kebungson, Gresik, Kabupaten Gresik, Jawa Timur 61114, Indonesia","Jl. Basuki Rahmat No.24, Bedilan, Kebungson, Kec. Gresik, Kabupaten Gresik, Jawa Timur 61114, Indonesia","Jl. Kh. Kholil No.11, Bedilan, Kebungson, Kec. Gresik, Kabupaten Gresik, Jawa Timur 61117, Indonesia","JL KH Kholil, No. 17, Kebungsan, Gresik, Pulopancikan, Kebungson, Kec. Gresik, Kabupaten Gresik, Jawa Timur 61115, Indonesia","01, Jl. Kh. Kholil No.19, Kemuteran, Kebungson, Gresik, Kabupaten Gresik, Jawa Timur 61114, Indonesia","Jl. Kh. Kholil No.25, Kemuteran, Pekelingan, Gresik, Kabupaten Gresik, Jawa Timur 61115, Indonesia","Jalan MH. Kholil No.11, Kemuteran, Pekelingan, Kec. Gresik, Kabupaten Gresik, Jawa Timur 61115, Indonesia","Jl. Kh. Kholil No.30, Pekelingan, Kebungson, Gresik, Kabupaten Gresik, Jawa Timur 61115, Indonesia","Jl. Kh. Kholil No.47, Kemuteran, Pekelingan, Gresik, Kabupaten Gresik, Jawa Timur 61115, Indonesia","Jl. KH. Wachid Hasyim No.5, Bedilan, Kebungson, Kec. Gresik, Kabupaten Gresik, Jawa Timur 61114, Indonesia","Jl. KH. Wachid Hasyim No.5, Bedilan, Kebungson, Gresik, Kabupaten Gresik, Jawa Timur 61114, Indonesia","Jl. Raden Santri, Bedilan, Kebungson, Gresik, Kabupaten Gresik, Jawa Timur 61114, Indonesia","Jl. Raden Santri No.11, Bedilan, Kebungson, Kec. Gresik, Kabupaten Gresik, Jawa Timur 61114, Indonesia","Jl. Raden Santri No.11, Bedilan, Kebungson, Kec. Gresik, Kabupaten Gresik, Jawa Timur 61114, Indonesia","Jl. Raden Santri No.1, Bedilan, Kebungson, Gresik, Kabupaten Gresik, Jawa Timur 61114, Indonesia","Jl. Raden Santri No.05, Bedilan, Kebungson, Kec. Gresik, Kabupaten Gresik, Jawa Timur 61114, Indonesia","Jalan Raden Santri No.15, Kec. Bedilan, Bedilan, Kebungson, Gresik Sub-District, Gresik Regency, East Java 61114, Indonesia","Jl. Raden Santri No.23, Bedilan, Kebungson, Gresik, Kabupaten Gresik, Jawa Timur 61114, Indonesia","Jalan Raden Santri No.19 (Ruko BHG, Bedilan, Kec. Gresik, Kabupaten Gresik, Jawa Timur 61114, Indonesia","Jl. HOS Cokroaminoto No.2, Bedilan, Kebungson, Kec. Gresik, Kabupaten Gresik, Jawa Timur 61114, Indonesia","Jl. Basuki Rahmat No.3, Bedilan, Kebungson, Gresik, Kabupaten Gresik, Jawa Timur 61114, Indonesia","PT. Pos Indonesia, JL. Basuki Rahmat, No. 23, Bedilan, Kebungson, Kec. Gresik, Kabupaten Gresik, Jawa Timur 61114, Indonesia","Jl. Basuki Rahmat No.18, Bedilan, Kebungson, Kec. Gresik, Kabupaten Gresik, Jawa Timur 61114, Indonesia","JL KH Kholil, No. 17, Kebungsan, Gresik, Pulopancikan, Kebungson, Kec. Gresik, Kabupaten Gresik, Jawa Timur 61115, Indonesia","Jl. Kh. Kholil No.38, Kemuteran, Pekelingan, Gresik, Kabupaten Gresik, Jawa Timur 61115, Indonesia","Jl. Nyai Ageng Arem Arem No.75, Kemuteran, Pekelingan, Gresik, Kabupaten Gresik, Jawa Timur 61115, Indonesia","Jl. Sindujoyo No.45, Kebungson, Kemuteran, Gresik, Kabupaten Gresik, Jawa Timur 61116, Indonesia","Jl. Sindujoyo No.28, Lumpur, Kemuteran, Gresik, Kabupaten Gresik, Jawa Timur 61117, Indonesia","Jl. Sindujoyo No.47, Kebungson, Kemuteran, Gresik, Kabupaten Gresik, Jawa Timur 61116, Indonesia","Jl. Sindujoyo No.69, Kebungson, Kroman, Gresik, Kabupaten Gresik, Jawa Timur 61117, Indonesia","Jl. Sindujoyo No.76B, Telogopojok Satu, Kemuteran, Gresik, Kabupaten Gresik, Jawa Timur 61117, Indonesia","Jl. Samanhudi No.184, Kebungson, Kemuteran, Gresik, Kabupaten Gresik, Jawa Timur 61116, Indonesia","Pasar Baru Inpres Blok H6, JL Gubernur Surya, Lumpur, Karangpoh, Kemuteran, Kec. Gresik, Kabupaten Gresik, Jawa Timur 61117, Indonesia","No Gresik, Jl. Gubernur Suryo No.36, Karangpoh, Kemuteran, Kec. Gresik, Kabupaten Gresik, Jawa Timur 61118, Indonesia"]', 4, 'Lyn A'),
	(8, 'Rute Lyn D', 'Terminal Gubernur Suryo', 'Sekarkurung', 'Trmn. Gubernur Suryo -- Usman Sadar -- Akom Kayat -- Pangsud -- Kartini -- Sekar Kurung -- (PP)', 'true', '(-7.151900096907577, 112.64948084950447),(-7.151961307729754, 112.6494761556387),(-7.1520363758551895, 112.64965120059333),(-7.1521055706763965, 112.64982219141802),(-7.1522194929231615, 112.65011250853615),(-7.15232218313435, 112.65034244825256),(-7.152647022116136, 112.65102147006974),(-7.152697587495805, 112.65120251917824),(-7.1528705742786505, 112.65116899156556),(-7.153198509404724, 112.65094449756248),(-7.15377782966934, 112.65060315833637),(-7.154346149726784, 112.65027070043789),(-7.155382644589426, 112.64976489743526),(-7.155771197139782, 112.64956507286365),(-7.156197308621409, 112.64934669894365),(-7.156261180182239, 112.64946002227452),(-7.1563623101352425, 112.6498241321483),(-7.156504351156956, 112.65025445845356),(-7.1567649878968895, 112.65035839000177),(-7.156832851345527, 112.65034028509092),(-7.156868779049561, 112.65040801086855),(-7.156970436774816, 112.65063310698565),(-7.157266836134865, 112.65132860583049),(-7.157471056041539, 112.65195250006866),(-7.157548007118526, 112.65226516702262),(-7.15759324934111, 112.6524596271762),(-7.157759862819748, 112.65317126465527),(-7.157960866288531, 112.65398204719259),(-7.158016753688732, 112.6543454865141),(-7.158167165702653, 112.655079038856),(-7.158250996762481, 112.65511323702094),(-7.1584332959981305, 112.65508440327403),(-7.158710809908353, 112.65503728559588),(-7.1591173026443515, 112.65505443090171),(-7.159582867845809, 112.65511194921089),(-7.160039307685755, 112.65514878538897),(-7.160504268571541, 112.65519200828578),(-7.16124739575373, 112.65525235798862),(-7.162022499619753, 112.6552671101382),(-7.1623965172498885, 112.65523894694354),(-7.164178443171167, 112.65502007668158),(-7.165499126508598, 112.65479043721189),(-7.168293726947252, 112.65436593368918),(-7.169515051552201, 112.65414825012465),(-7.170766217012541, 112.65378321186506),(-7.171033895896722, 112.6536692185814),(-7.171117724590152, 112.65349554554768),(-7.171043210196767, 112.65326688722917),(-7.170900834446913, 112.65291484729596),(-7.170616082813672, 112.65209476188966),(-7.169789409380152, 112.650018218593),(-7.169195082361872, 112.64827598845193),(-7.1680849251891905, 112.64508836002733),(-7.167236515135739, 112.64271779234934),(-7.166997002501425, 112.64208344991732),(-7.166816037316448, 112.64158053572703),(-7.166583230648316, 112.64089347643574),(-7.166005803994713, 112.63947328000313),(-7.166033747202648, 112.63935794501549),(-7.166168140702612, 112.63921377628094),(-7.1663081578352354, 112.63905094787265),(-7.1667567280653355, 112.63861164281263),(-7.167177769399072, 112.63822148764382),(-7.167699196489654, 112.63776275049145),(-7.167993925642836, 112.63749905479904),(-7.168517918531496, 112.63702948237164),(-7.169238294921426, 112.636388599067),(-7.169675946264976, 112.63623721220085),(-7.170220561873512, 112.63606966258669),(-7.170510828594333, 112.63591402521615),(-7.170846894579245, 112.63538552273076),(-7.1710366431050385, 112.6349941845549),(-7.171200694329754, 112.6345146829874),(-7.171166098369217, 112.63393398473568),(-7.170974489924776, 112.63301264593906),(-7.170711028182055, 112.63231124828167),(-7.170538048167073, 112.63169568131275),(-7.170572644175318, 112.63121422479458),(-7.170596595256421, 112.63074886153049),(-7.170599256487565, 112.63053830812282),(-7.170884008131326, 112.62965988467045),(-7.171144808546037, 112.6286071176321),(-7.171339078145645, 112.62802105496235),(-7.171873298967853, 112.62754285842777),(-7.172598695902125, 112.62710175958944),(-7.172720332496526, 112.62700083508184),(-7.1729337512071245, 112.62682890179406),(-7.173280027376794, 112.62648273287971),(-7.173745437197557, 112.62618029365444),(-7.174515353139253, 112.62561864490613),(-7.1752207140357385, 112.62505303855187),(-7.1761217718772174, 112.62423902237151),(-7.176053528312526, 112.62417053612762)', 1, '["Jl. Gubernur Suryo No.15, Karangturi, Kroman, Gresik, Kabupaten Gresik, Jawa Timur, Indonesia","Jl. Gubernur Suryo No.14, Tlogopojok, Kroman, Gresik, Kabupaten Gresik, Jawa Timur 61116, Indonesia","Jl. Gubernur Suryo No.11, Tlogopojok, Kroman, Gresik, Kabupaten Gresik, Jawa Timur 61116, Indonesia","Jl. Gubernur Suryo No.9, Tlogopojok, Kroman, Gresik, Kabupaten Gresik, Jawa Timur 61116, Indonesia","Jl. Usman Sadar Gg. VII No.4a, Tlogopojok, Kroman, Gresik, Kabupaten Gresik, Jawa Timur 61118, Indonesia","bendo grogol RT 002 RW 004 tylangan, Karangturi, Kroman, Kec. Gresik, sidoarjo, Jawa Timur 61273, Indonesia","Pasar Baru Inpres Blok H6, JL Gubernur Surya, Lumpur, Karangpoh, Kemuteran, Kec. Gresik, Kabupaten Gresik, Jawa Timur 61117, Indonesia","Jl. Samanhudi No.184, Kebungson, Kemuteran, Gresik, Kabupaten Gresik, Jawa Timur 61116, Indonesia","Gg. I No.193, Karangpoh, Kemuteran, Gresik, Kabupaten Gresik, Jawa Timur 61116, Indonesia","Jl. Usman Sadar No.5, Karangpoh, Kemuteran, Gresik, Kabupaten Gresik, Jawa Timur 61116, Indonesia","Jl. Usman Sadar No.23, Karangpoh, Kemuteran, Gresik, Kabupaten Gresik, Jawa Timur 61118, Indonesia","Jl. Usman Sadar No.75, Karangpoh, Kemuteran, Kec. Gresik, Kabupaten Gresik, Jawa Timur 61118, Indonesia","Jl. Usman Sadar No.69, Karangpoh, Karangturi, Kec. Gresik, Kabupaten Gresik, Jawa Timur 61118, Indonesia","Jl. Usman Sadar No.77, Karangpoh, Kemuteran, Kec. Gresik, Kabupaten Gresik, Jawa Timur 61118, Indonesia","Jl. Usman Sadar No.82, Sukorame, Kemuteran, Gresik, Kabupaten Gresik, Jawa Timur 61118, Indonesia","Jl. Akim Kayat No.2, Sukorame, Kemuteran, Gresik, Kabupaten Gresik, Jawa Timur 61118, Indonesia","Jl. Akim Kayat No.11, Karangpoh, Kemuteran, Gresik, Kabupaten Gresik, Jawa Timur 61118, Indonesia","Jl. Akim Kayat No.29, Karangpoh, Kemuteran, Gresik, Kabupaten Gresik, Jawa Timur 61118, Indonesia","Jl. Akim Kayat No.71, Karangpoh, Kemuteran, Kec. Gresik, Kabupaten Gresik, Jawa Timur 61116, Indonesia","Jl. Akim Kayat No.81, Sukorame, Kemuteran, Gresik, Kabupaten Gresik, Jawa Timur 61116, Indonesia","Jl. Akim Kayat No.68, Pekauman, Pekelingan, Gresik, Kabupaten Gresik, Jawa Timur 61113, Indonesia","Tamrin no.59 gresik, Jl. Moh. Husni Thamrin Gg. , Pekauman, Pekelingan, Kec. Gresik, Kabupaten Gresik, Jawa Timur 61113, Indonesia","Jl. Moh. Husni Thamrin No.12, Pekauman, Pekelingan, Gresik, Kabupaten Gresik, Jawa Timur 61113, Indonesia","Jl. Pahlawan No.03, Bedilan, Sidokumpul, Kec. Gresik, Kabupaten Gresik, Jawa Timur 61111, Indonesia","Jl. Pahlawan No.7, Bedilan, Kebungson, Kec. Gresik, Kabupaten Gresik, Jawa Timur 61113, Indonesia","Jl. Pahlawan No.15, Bedilan, Kebungson, Gresik, Kabupaten Gresik, Jawa Timur 61113, Indonesia","Jl. Pahlawan No.27-29, Bedilan, Kebungson, Kec. Gresik, Kabupaten Gresik, Jawa Timur 61113, Indonesia","JL. Pahlawan, No. 15, Gapuro Sukolilo, Bedilan, Kec. Gresik, Kabupaten Gresik, Jawa Timur 61113, Indonesia","Jl. Pahlawan No.37-39, Gapuro Sukolilo, Bedilan, Kec. Gresik, Kabupaten Gresik, Jawa Timur 61113, Indonesia","Jl. Pahlawan No.41, Gapuro Sukolilo, Bedilan, Kec. Gresik, Kabupaten Gresik, Jawa Timur 61114, Indonesia","Jl. Pahlawan No.55, Gapuro Sukolilo, Bedilan, Gresik, Kabupaten Gresik, Jawa Timur 61113, Indonesia","Jl. Panglima Sudirman No.7, Sumberrejo, Pulopancikan, Gresik, Kabupaten Gresik, Jawa Timur 61111, Indonesia","Jl. Panglima Sudirman No.45, Sumberrejo, Pulopancikan, Gresik, Kabupaten Gresik, Jawa Timur 61111, Indonesia","Jl. Panglima Sudirman No.71, Sumberrejo, Pulopancikan, Gresik, Kabupaten Gresik, Jawa Timur 61111, Indonesia","Jl. Panglima Sudirman No.121, Kramatandap, Gapurosukolilo, Gresik, Kabupaten Gresik, Jawa Timur 61122, Indonesia","Jl. Panglima Sudirman No.187, Kramatandap, Sidomoro, Gresik, Kabupaten Gresik, Jawa Timur 61122, Indonesia","Jl. Olahraga No.102a, Injen Barat, Tlogobendung, Gresik, Kabupaten Gresik, Jawa Timur 61122, Indonesia","Jl. R.A. Kartini No.264, Injen Barat, Tlogobendung, Gresik, Kabupaten Gresik, Jawa Timur 61122, Indonesia","Gg. I No.47, Kesemen, Sukorame, Gresik, Kabupaten Gresik, Jawa Timur 61111, Indonesia","Jl. Sunan Giri No.3, Kesemen, Sukorame, Kec. Gresik, Kabupaten Gresik, Jawa Timur 61121, Indonesia","Jl. Sunan Giri No.33, Putat Luar, Sukorame, Kebomas, Kabupaten Gresik, Jawa Timur 61121, Indonesia","Gg. V No.45, Kesemen, Sukorame, Gresik, Kabupaten Gresik, Jawa Timur 61121, Indonesia","JL Sunan Giri, No. 67, Kawisanyar, Kebomas, Kebomas, Ngipik, Kec. Gresik, Kabupaten Gresik, Jawa Timur 61121, Indonesia","Jl. Sunan Giri No.79, Kebomas, Ngipik, Kec. Gresik, Kabupaten Gresik, Jawa Timur 61121, Indonesia","Jl. Sunan Giri No.115, Kebomas, Ngipik, Kec. Gresik, Kabupaten Gresik, Jawa Timur 61124, Indonesia","Jl. Sunan Prapen No.44, Pedukuhan, Kebomas, Kabupaten Gresik, Jawa Timur 61124, Indonesia","1, Jl. Mayjend Sungkono No.18, Ketek, Kawisanyar, Kebomas, Kabupaten Gresik, Jawa Timur 61124, Indonesia","Jl. Mayjend Sungkono No.10, Kebodalem, Giri, Kebomas, Kabupaten Gresik, Jawa Timur 61124, Indonesia","Jl. Mayjend Sungkono No.35, RW.1, Karangtanjung, Giri, Kebomas, Kabupaten Gresik, Jawa Timur 61124, Indonesia","No. 2AE, Jl. Mayjend Sungkono, Kebodalem, Giri, Kebomas, Kabupaten Gresik, Jawa Timur 61121, Indonesia","Jl. Mayjend Sungkono No.100, Karangtanjung, Giri, Kebomas, Kabupaten Gresik, Jawa Timur 61124, Indonesia","Jl. Mayjend Sungkono No.88, Kebodalem, Giri, Kebomas, Kabupaten Gresik, Jawa Timur 61124, Indonesia","Jl. Mayjend Sungkono No.21, Kebodalem, Giri, Kebomas, Kabupaten Gresik, Jawa Timur 61124, Indonesia","Jl. Kedanyang - Gresik No.68, Giri, Kebomas, Kabupaten Gresik, Jawa Timur 61124, Indonesia","Jl. Kedanyang - Gresik No.68, Giri, Kebomas, Kabupaten Gresik, Jawa Timur 61124, Indonesia"]', 6, 'Lyn D'),
	(7, 'Rute Lyn C', 'Terminal Bundar Lamongan', 'Terminal Gubernur Suryo', 'Trmn. Bunder -- Dr. Wahidin -- Pangsud -- J.A Suprapto -- Trmn. Gubernur Suryo -- (PP)', 'true', '(-7.170223520995763, 112.58372150693197),(-7.170244810862007, 112.58352034125585),(-7.16960611444172, 112.58316360745687),(-7.16946773009927, 112.58315556082982),(-7.1694251502931445, 112.58356057439107),(-7.169366603053204, 112.58387975726384),(-7.169324023237614, 112.58478366170186),(-7.16928676589571, 112.58559637103338),(-7.16915370393546, 112.58644126687307),(-7.169047254339286, 112.5875275615241),(-7.168940804718228, 112.58869432244558),(-7.168871612451198, 112.58932464156408),(-7.168712650202965, 112.59085486029903),(-7.168648780386389, 112.59170512055675),(-7.168361709068097, 112.5938463043808),(-7.168175421934581, 112.59544221874467),(-7.168031714665255, 112.59692269761968),(-7.167827222288872, 112.59857268096994),(-7.167623674132523, 112.6000212994104),(-7.167380045814677, 112.60219594258501),(-7.167215048287618, 112.60326614398195),(-7.167055373204552, 112.60450264233782),(-7.1667573128997635, 112.60669510168259),(-7.1665841597186555, 112.60817947826285),(-7.166376581812349, 112.6103922924575),(-7.1661303542435295, 112.61248456445048),(-7.165986646329198, 112.61372106280635),(-7.165899510161955, 112.61437682250767),(-7.165633384224118, 112.61461553910999),(-7.165136586918547, 112.61476248770009),(-7.164622116295373, 112.61493203568534),(-7.163770367366389, 112.61521693750888),(-7.163284510500001, 112.61534290074849),(-7.162536709819949, 112.61561849021177),(-7.161812772928757, 112.61589381957333),(-7.161296207389083, 112.61615330505902),(-7.160920965982839, 112.61640140939289),(-7.160320943148396, 112.61699981389813),(-7.160020217147577, 112.61745444832616),(-7.159659325232645, 112.61821983192885),(-7.1595937012657505, 112.61867531746122),(-7.159641604580589, 112.6189770659754),(-7.159748056373343, 112.6194263359854),(-7.1603548908490415, 112.62113809841071),(-7.160930263643977, 112.62300006940654),(-7.161702093426147, 112.62526304361973),(-7.162703692083598, 112.6269889225133),(-7.16295158901644, 112.62739774156876),(-7.163267217462849, 112.62846003185996),(-7.163160766491632, 112.62931056154491),(-7.162932699303802, 112.63073804714088),(-7.1628672207210045, 112.63146458989263),(-7.163027758611918, 112.63227753102149),(-7.163481350077902, 112.63357320687714),(-7.163625219254751, 112.63406218367379),(-7.164100697233199, 112.63516815379239),(-7.164948109732467, 112.63711447202866),(-7.165507764317691, 112.63842175372201),(-7.165896396283595, 112.63938438355672),(-7.166146554525168, 112.640067005751),(-7.166446039923358, 112.64091165188358),(-7.1668096794859055, 112.64184547917034),(-7.167235181529886, 112.6429857820525),(-7.1679733575790125, 112.6450361112295),(-7.168597579457877, 112.64688438033568),(-7.168843934048549, 112.64765685514055),(-7.169612341601832, 112.649739377596),(-7.1707692880593, 112.65280503826693),(-7.171043416093485, 112.65359711967028),(-7.170787938080832, 112.65370709023989),(-7.169360960862032, 112.65414993475724),(-7.168106270585146, 112.6543381614224),(-7.166089011471847, 112.65463052220503),(-7.1641484229833425, 112.65497416403741),(-7.162894630884158, 112.65512168553323),(-7.162161324609455, 112.65520926893043),(-7.162102776436326, 112.65498128116417),(-7.162177292291724, 112.65463527620125),(-7.1620601959420815, 112.65399959266472),(-7.161841970846597, 112.65305813730049),(-7.161767454936417, 112.65223469913292),(-7.161623745646676, 112.65107330262947),(-7.161416165481539, 112.64975097358513),(-7.161256488367128, 112.64872905195045),(-7.161150036926462, 112.6481791991024),(-7.160899875943084, 112.64714118421364),(-7.160804069572686, 112.64685955226707),(-7.160655037400952, 112.64688637435722),(-7.160399553564678, 112.64702316701698),(-7.1591683612672785, 112.64765517362525),(-7.158125039905086, 112.64824530566568),(-7.157049223562408, 112.64883370323378),(-7.155712634820461, 112.64952136631473),(-7.1545379752840175, 112.65007564285747),(-7.153318236601008, 112.65080022660754),(-7.152831921545223, 112.65114177679584),(-7.152741436151638, 112.65101973628566),(-7.152366001387681, 112.65013783254267),(-7.152030502562333, 112.64933936297894),(-7.151902758247839, 112.64938160777092),(-7.151900096907577, 112.64948554337025)', 1, '["Stand Blok B No. 5 Terminal Bunder, Banjai Sari, Banjarsari, Cerme, Kabupaten Gresik, Jawa Timur 61171, Indonesia","Stand Blok B No. 12 Terminal Bunder, Banjai Sari, Banjarsari, Cerme, Kabupaten Gresik, Jawa Timur 61171, Indonesia","Jalan Perkantoran Terminal Bunder B45 Gresik, Banjai Sari, Banjarsari, Cerme, Kabupaten Gresik, Jawa Timur 61171, Indonesia","Raya Bunder No. 16, Banyuwangi, Manyar, Banjai Sari, Banjarsari, Cerme, Kabupaten Gresik, Jawa Timur 61171, Indonesia","Jl. Raya Gresik - Lamongan, Banjai Sari, Banjarsari, Cerme, Kabupaten Gresik, Jawa Timur 61171, Indonesia","Jl. Raya Gresik - Lamongan, Banjai Sari, Banjarsari, Cerme, Kabupaten Gresik, Jawa Timur 61171, Indonesia","Jl. Raya Gresik - Babat No.1937, Banjai Sari, Banjarsari, Cerme, Kabupaten Gresik, Jawa Timur 61162, Indonesia","Jl. KH Syafii No.1, Beturing, Banjarsari, Cerme, Kabupaten Gresik, Jawa Timur 61124, Indonesia","Jl. Dr. Wahidin S.H. No.3, Beturing, Banjarsari, Cerme, Kabupaten Gresik, Jawa Timur 61124, Indonesia","Jl. Dr. Wahidin S.H. No.18, Beturing, Dahanrejo, Cerme, Kabupaten Gresik, Jawa Timur 61121, Indonesia","Jl. Dr. Wahidin S.H. Blok E3 No.782, Dahanrejo, Kebomas, Kabupaten Gresik, Jawa Timur 61124, Indonesia","JL Dr. Wahidin Sudiro Husodo, No. 784, Kebomas, Gresik, 61121, Indonesia","Jl. Dr. Wahidin S.H. No.758, Dahanrejo, Kebomas, Kabupaten Gresik, Jawa Timur 61124, Indonesia","Jl. Dr. Wahidin S.H. No.758, Dahanrejo, Kebomas, Kabupaten Gresik, Jawa Timur 61124, Indonesia","Jl. Dr. Wahidin S.H. No.760, Dahanrejo, Kebomas, Kabupaten Gresik, Jawa Timur 61124, Indonesia","Jl. Raya Gresik - Lamongan, Dahanrejo, Kebomas, Kabupaten Gresik, Jawa Timur 61124, Indonesia","Jl. Dr. Wahidin S.H. No.750, Dahanrejo, Kebomas, Kabupaten Gresik, Jawa Timur 61161, Indonesia","Jl. Raya Gresik - Babat No.730, Dahanrejo, Kebomas, Kabupaten Gresik, Jawa Timur 61124, Indonesia","Jl. Raya Gresik - Lamongan, Kebomas, Kabupaten Gresik, Jawa Timur 61124, Indonesia","Jl. Dr. Wahidin S.H. No.241, RT.03, Kembangan, Kebomas, Kabupaten Gresik, Jawa Timur 61124, Indonesia","Jl. Raya Gresik - Lamongan No.728, Kembangan, Kebomas, Kabupaten Gresik, Jawa Timur 61124, Indonesia","Jl. Dr. Wahidin S.H. No.221, Kembangan, Kebomas, Kabupaten Gresik, Jawa Timur 61124, Indonesia","Jl. Dr. Wahidin S.H. No.680, Kembangan, Kebomas, Kabupaten Gresik, Jawa Timur 61124, Indonesia","Jl. Dr. Wahidin S.H. No.694, Kembangan, Kebomas, Kabupaten Gresik, Jawa Timur 61124, Indonesia","No., Jl. Dr. Wahidin S.H. No.215, Klangonan, Kec. Gresik, Kabupaten Gresik, Jawa Timur 61121, Indonesia","Jl. Dr. Wahidin S.H. No.644, Klangonan, Kebomas, Kabupaten Gresik, Jawa Timur 61124, Indonesia","Jl. Dr. Wahidin S.H. No.644, Klangonan, Kebomas, Kabupaten Gresik, Jawa Timur 61124, Indonesia","Jl. Dr. Wahidin S.H. No.620b, Klangonan, Kebomas, Kabupaten Gresik, Jawa Timur 61124, Indonesia","Jl. Dr. Wahidin S.H. No.590, Klangonan, Kebomas, Kabupaten Gresik, Jawa Timur 61124, Indonesia","Jl. Dr. Wahidin S.H. No.608, Klangonan, sumber, Kabupaten Gresik, Jawa Timur 61124, Indonesia","Jl. Dr. Wahidin S.H. No.590, Klangonan, Kebomas, Kabupaten Gresik, Jawa Timur 61124, Indonesia","Jl. Dr. Wahidin S.H. No.560, Gn. Malang, Randuagung, Kebomas, Kabupaten Gresik, Jawa Timur 61121, Indonesia","Jl. Simpang Bengawan Solo No.43, Gn. Malang, Randuagung, Kebomas, Kabupaten Gresik, Jawa Timur 61121, Indonesia","Jl. Dr. Wahidin S.H. No.192, Setingi, Randuagung, Kebomas, Kabupaten Gresik, Jawa Timur 61124, Indonesia","Jl. Raya Gresik - Lamongan No.189, Randuagung, Kebomas, Kabupaten Gresik, Jawa Timur 61121, Indonesia","03, Jl. Dr. Wahidin S.H. No.162, Setingi, Randuagung, Kebomas, Kabupaten Gresik, Jawa Timur 61121, Indonesia","Jl. Raya Gresik - Lamongan No.181, Randuagung, Kebomas, Kabupaten Gresik, Jawa Timur 61121, Indonesia","Jl. Raya Gresik - Lamongan No.173, Randuagung, Kebomas, Kabupaten Gresik, Jawa Timur 61121, Indonesia","Jl. Dr. Wahidin S.H. No.162a, Setingi, Randuagung, Kebomas, Kabupaten Gresik, Jawa Timur 61121, Indonesia","Kebomas, Setingi, Randuagung, Kec. Gresik, Kabupaten Gresik, Jawa Timur 61121, Indonesia","Jl. Dr. Wahidin S.H. No.159, Setingi, Banjar, mendalan, Kabupaten Lamongan, Jawa Timur 62212, Indonesia","Jl. Dr. Wahidin S.H. No.492, Setingi, Randuagung, Kebomas, Kabupaten Gresik, Jawa Timur 61121, Indonesia","Jl. Dr. Wahidin S.H. No.142, Setingi, Randuagung, Kebomas, Kabupaten Gresik, Jawa Timur 61121, Indonesia","Jl. Dr. Wahidin S.H. No.454, Setingi, Randuagung, Kebomas, Kabupaten Gresik, Jawa Timur 61121, Indonesia","No., Jl. Dr. Wahidin S.H. No.400, Setingi, Randuagung, Kec. Gresik, Kabupaten Gresik, Jawa Timur 61121, Indonesia","Jl. Dr. Wahidin S.H. No.330, Pedukuhan, Randuagung, Kebomas, Kabupaten Gresik, Jawa Timur 61121, Indonesia","Jl. Dr. Wahidin S.H. No.272, Pedukuhan, Kebomas, Kabupaten Gresik, Jawa Timur 61121, Indonesia","Jl. Raya Gresik - Babat No.258, Pedukuhan, Kebomas, Kabupaten Gresik, Jawa Timur 61121, Indonesia","Unnamed Road, Kebomas, Kabupaten Gresik, Jawa Timur 61121, Indonesia","JL. Kapuas, KM 01, Kebomas, Ngipik, Jember, Kabupaten Gresik, Jawa Timur 61121, Indonesia","Jl. Dr. Wahidin S.H. No.158, Randuboyo, Ngipik, Gresik, Kabupaten Gresik, Jawa Timur 61121, Indonesia","Jl. Dr. Wahidin S.H. No.109, Kebomas, Ngipik, Kec. Gresik, Kabupaten Gresik, Jawa Timur 61121, Indonesia","No., Jl. Dr. Wahidin S.H. No.129, Randuboyo, Ngipik, Kec. Gresik, Kabupaten Gresik, Jawa Timur 61121, Indonesia","Jl. Dr. Wahidin S.H. No.120, Karangturi, Gresik, Kabupaten Gresik, Jawa Timur 61121, Indonesia","Jl. Dr. Wahidin S.H. No.116-118, Karangturi, Kec. Gresik, Kabupaten Gresik, Jawa Timur 61121, Indonesia","JL. Doktor Wahidin Sudirohusodo I , No. 19, Putat Kebomas, Putat Luar, Sukorame, Kec. Gresik, Kabupaten Gresik, Jawa Timur 61117, Indonesia","No, Jl. Dr. Wahidin S.H. No.79, Putat Luar, Sukorame, Kec. Gresik, Kabupaten Gresik, Jawa Timur 61121, Indonesia","Jl. Dr. Wahidin S.H. No.25, Putat Luar, Sukorame, Gresik, Kabupaten Gresik, Jawa Timur 61121, Indonesia","Jl. Dr. Wahidin Sudirowisodo No.2-4, Putat Luar, Kebomas, Kec. Gresik, Kabupaten Gresik, Jawa Timur 61121, Indonesia","Jl. R.A. Kartini No.310, Kesemen, Tlogopatut, Gresik, Kabupaten Gresik, Jawa Timur 61111, Indonesia","Jl. R.A. Kartini No.294, Kesemen, Sukorame, Gresik, Kabupaten Gresik, Jawa Timur 61111, Indonesia","Jl. Kragan - Rembang - Surabaya No.282-288, Kesemen, Sukorame, Kec. Gresik, Kabupaten Gresik, Jawa Timur 61111, Indonesia","Jl. R.A. Kartini No.262, Injen Barat, Tlogobendung, Gresik, Kabupaten Gresik, Jawa Timur 61111, Indonesia","Jl. R.A. Kartini No.83, Injen Barat, Tlogobendung, Gresik, Kabupaten Gresik, Jawa Timur 61122, Indonesia","Jl. R.A. Kartini No.162, Injen Barat, Tlogobendung, Gresik, Kabupaten Gresik, Jawa Timur 61122, Indonesia","Jl. R.A. Kartini No.150, RW.01, Injen Barat, Tlogobendung, Gresik, Kabupaten Gresik, Jawa Timur 61122, Indonesia","No., Gg.  No.100, Injen Barat, Tlogobendung, Kec. Gresik, Kabupaten Gresik, Jawa Timur 61122, Indonesia","No, Jl. R.A. Kartini No.48, Kramatandap, Gapurosukolilo, Kec. Gresik, Kabupaten Gresik, Jawa Timur 61111, Indonesia","Raya, no, Gresik, Gg. IV, No, 58, Gapurosukolilo, Kec. Gresik, Kabupaten Gresik, Jawa Timur 61122, Indonesia","Jl. Panglima Sudirman No.156, Kramatandap, Gapurosukolilo, Kec. Gresik, Kabupaten Gresik, Jawa Timur 61111, Indonesia","Jl. Panglima Sudirman No.141, Kramatandap, Gapurosukolilo, Kec. Gresik, Kabupaten Gresik, Jawa Timur 61111, Indonesia","Jl. Panglima Sudirman No.115, Kramatandap, Gapurosukolilo, Gresik, Kabupaten Gresik, Jawa Timur 61122, Indonesia","Jl. Panglima Sudirman No.70, Kramatandap, Gapurosukolilo, Kec. Gresik, Kabupaten Gresik, Jawa Timur 61111, Indonesia","Jl. Panglima Sudirman No.47, Sumberrejo, Pulopancikan, Gresik, Kabupaten Gresik, Jawa Timur 61111, Indonesia","Jl. Panglima Sudirman No.19, Sumberrejo, Pulopancikan, Gresik, Kabupaten Gresik, Jawa Timur 61111, Indonesia","no, Jl. Panglima Sudirman No.33, Sumberrejo, Pulopancikan, Kec. Gresik, Kabupaten Gresik, Jawa Timur 61111, Indonesia","Jl. Jaksa Agung Suprapto No.2, Sumberrejo, Pulopancikan, Gresik, Kabupaten Gresik, Jawa Timur 61111, Indonesia","Jl. Jaksa Agung Suprapto No.1, Sumursango, Bedilan, Gresik, Kabupaten Gresik, Jawa Timur 61111, Indonesia","Jl. Jaksa Agung Suprapto No.12, Tlogobendung, Bedilan, Gresik, Kabupaten Gresik, Jawa Timur 61111, Indonesia","Jl. Jaksa Agung Suprapto No.7, Sumursango, Bedilan, Gresik, Kabupaten Gresik, Jawa Timur 61111, Indonesia","Jl. Jaksa Agung Suprapto No.11, Sumursango, Bedilan, Gresik, Kabupaten Gresik, Jawa Timur 61111, Indonesia","Jl. Jaksa Agung Suprapto No.62, Sumursango, Bedilan, Kec. Gresik, Kabupaten Gresik, Jawa Timur 61111, Indonesia","Jl. Ikan Dorang No.1, Tlogobendung, Bedilan, Kec. Gresik, Kabupaten Gresik, Jawa Timur 61111, Indonesia","Jl. Jaksa Agung Suprapto No.53, Ngipik, Karangpoh, Gresik, Kabupaten Gresik, Jawa Timur 61111, Indonesia","Jl. Jaksa Agung Suprapto No.65, Ngipik, Karangpoh, Kec. Gresik, Kabupaten Gresik, Jawa Timur 61111, Indonesia","Jl. Jaksa Agung Suprapto No.99, Ngipik, Karangpoh, Gresik, Kabupaten Gresik, Jawa Timur 61118, Indonesia","Jl. Jaksa Agung Suprapto No.109, Ngipik, Sidokumpul, Kec. Gresik, Kabupaten Gresik, Jawa Timur 61116, Indonesia","Jl. Usman Sadar No.236, Ngipik, Karangpoh, Kec. Gresik, Kabupaten Gresik, Jawa Timur 61116, Indonesia","Jl. Usman Sadar No.173, Ngipik, Sukorame, Gresik, Kabupaten Gresik, Jawa Timur 61119, Indonesia","Sukorame, Jl. Usman Sadar No.160, Sukorame, Kemuteran, Kec. Gresik, Kabupaten Gresik, Jawa Timur 61114, Indonesia","no, Jl. Jaksa Agung Suprapto No.99, Ngipik, Karangpoh, Kec. Gresik, Kabupaten Gresik, Jawa Timur 61118, Indonesia","Jl. Usman Sadar No.94 C, Sukorame, Kemuteran, Gresik, Kabupaten Gresik, Jawa Timur 61116, Indonesia","Jl. Usman Sadar No.72, Karangpoh, Kemuteran, Gresik, Kabupaten Gresik, Jawa Timur 61118, Indonesia","Jl. Usman Sadar No.47, Karangpoh, Kemuteran, Kec. Gresik, Kabupaten Gresik, Jawa Timur 61118, Indonesia","Karangpoh, Jl. Usman Sadar No.8, Karangpoh, Kemuteran, Kec. Gresik, Kabupaten Gresik, Jawa Timur 61116, Indonesia","Pasar Baru Inpres Blok H6, JL Gubernur Surya, Lumpur, Karangpoh, Kemuteran, Kec. Gresik, Kabupaten Gresik, Jawa Timur 61117, Indonesia","Pasar Baru Inpres Blok H6, JL Gubernur Surya, Lumpur, Karangpoh, Kemuteran, Kec. Gresik, Kabupaten Gresik, Jawa Timur 61117, Indonesia","JL Gubernur Surya, No. 9, Jatirogo, Pasar Baru Sugihan, Tlogopojok, Kroman, Tuban, Kabupaten Gresik, Jawa Timur 61116, Indonesia","Jl. Gubernur Suryo No.15, Tlogopojok, Kroman, Gresik, Kabupaten Gresik, Jawa Timur 61116, Indonesia","Raya no, Jl. Gubernur Suryo No.21, Karangturi, Kroman, Kec. Gresik, Kabupaten Gresik, Jawa Timur 61118, Indonesia","Jl. Gubernur Suryo No.15, Karangturi, Kroman, Gresik, Kabupaten Gresik, Jawa Timur, Indonesia"]', 5, 'Lyn C'),
	(6, 'Rute Lyn B', 'Terminal Gubernur Suryo', 'Kapten Dulasim', 'Trmn. Gub. Suryo -- Nyai Ageng Pinatih -- KH. Zubair -- J. A. Suprapto -- Dr. Sutomo -- Kapten Dulhasim -- (PP)', 'true', '(-7.151898587075166, 112.64947123558204),(-7.152015686032558, 112.64954901964347),(-7.1521182635934855, 112.64973604526858),(-7.152304557285584, 112.65022152510028),(-7.152690451120298, 112.65114152279239),(-7.152804888539621, 112.65129038539271),(-7.152876744578943, 112.65154385414462),(-7.152953923275265, 112.6519180223022),(-7.1530723008839185, 112.65274077006507),(-7.153249848684401, 112.65380017271923),(-7.153467445960579, 112.65463224686971),(-7.153499381933111, 112.65479988493314),(-7.153523333911042, 112.65498629845968),(-7.153703177147518, 112.65599469817357),(-7.153801646338129, 112.65625487244802),(-7.153881486206817, 112.65650834119992),(-7.15401417123826, 112.65742221743915),(-7.154083365759718, 112.65792244942043),(-7.154092072451583, 112.65806726934522),(-7.1543502211456715, 112.65811152579397),(-7.154675866374571, 112.65808403491974),(-7.155007479055836, 112.65815390002422),(-7.155302784580614, 112.65816161615328),(-7.156376854696449, 112.65821727199034),(-7.157422262518337, 112.6583039081936),(-7.158156604935049, 112.65826350269549),(-7.159020264591749, 112.65815944311794),(-7.159275799478558, 112.65810903042427),(-7.16005054925731, 112.65804946478067),(-7.160577942408496, 112.65801197047836),(-7.162305908506213, 112.6579688001998),(-7.162319214903919, 112.65781323207693),(-7.162196796030327, 112.65727813137846),(-7.162015828939586, 112.65641043676214),(-7.161914700239937, 112.65599067105131),(-7.1618029263879235, 112.6555735875495),(-7.16184018434164, 112.65530134333449),(-7.161997199970284, 112.65505592120962),(-7.162151554264381, 112.65472198618727),(-7.162140909142321, 112.6543665934928),(-7.162047764313755, 112.65394950999098),(-7.161877442292315, 112.65320519698935),(-7.161773652279298, 112.65239919318037),(-7.161608652722805, 112.65102456106024),(-7.161417040259695, 112.64971832526999),(-7.161257363145589, 112.64876077665167),(-7.1610497828136905, 112.64771739734488),(-7.160868815267749, 112.64708171380835),(-7.160794299198542, 112.64681617511587),(-7.161188169712124, 112.64622877134161),(-7.161736394320151, 112.64534096015768),(-7.162710422823121, 112.64397839797812),(-7.163498498604682, 112.64295080446493),(-7.164010470073925, 112.64220259084732),(-7.164543758819432, 112.64139596155587),(-7.1649949708675615, 112.64075234349207),(-7.16589326215243, 112.63954364763674),(-7.165967777388192, 112.6395905862945),(-7.166164710452633, 112.64009618269381),(-7.166438819846591, 112.64084049569544),(-7.166697057409068, 112.64155025210948),(-7.166871013340206, 112.64204233706448),(-7.167227322710771, 112.64296895779682),(-7.167818164332121, 112.64460385352243),(-7.168073644010455, 112.64529988676179),(-7.168593726298257, 112.64685243662916),(-7.169479303852294, 112.64947578306135),(-7.1708985823094125, 112.65308675538358),(-7.171030112281991, 112.65356914811196),(-7.1711014512099895, 112.65371268776983),(-7.171209230939855, 112.65382332889169),(-7.171267000312569, 112.65392854977097),(-7.17130957994651, 112.65403047371353),(-7.171332200375415, 112.65411563384976)', 1, '["Jl. Gubernur Suryo No.15, Karangturi, Kroman, Gresik, Kabupaten Gresik, Jawa Timur, Indonesia","Jl. Gubernur Suryo No.14, Tlogopojok, Kroman, Gresik, Kabupaten Gresik, Jawa Timur 61116, Indonesia","Jl. Gubernur Suryo No.9, Tlogopojok, Kroman, Gresik, Kabupaten Gresik, Jawa Timur 61116, Indonesia","bendo grogol RT 002 RW 004 tylangan, Karangturi, Kroman, Kec. Gresik, sidoarjo, Jawa Timur 61273, Indonesia","Pasar Baru Inpres Blok H6, JL Gubernur Surya, Lumpur, Karangpoh, Kemuteran, Kec. Gresik, Kabupaten Gresik, Jawa Timur 61117, Indonesia","Jl. Samanhudi No.184, Kebungson, Kemuteran, Gresik, Kabupaten Gresik, Jawa Timur 61116, Indonesia","Jl. Samanhudi No.118, Kebungson, Kemuteran, Gresik, Kabupaten Gresik, Jawa Timur 61116, Indonesia","Jl. Samanhudi No.169, Karangpoh, Kemuteran, Gresik, Kabupaten Gresik, Jawa Timur 61116, Indonesia","jalan H. Samanhudi Pasar Blok B, No.21, gresik, Karangpoh, Kemuteran, Kec. Gresik, Kabupaten Gresik, Jawa Timur 61117, Indonesia","No, Gresik, Jl. Samanhudi No.93, Kroman, Pekelingan, Kec. Gresik, Kabupaten Gresik, Jawa Timur 61114, Indonesia","Jl. Samanhudi No.50, Kroman, Pekelingan, Gresik, Kabupaten Gresik, Jawa Timur 61115, Indonesia","Jl. Samanhudi No.46, Kemuteran, Pekelingan, Gresik, Kabupaten Gresik, Jawa Timur 61115, Indonesia","Jl. Samanhudi No.39-41, Kemuteran, Bedilan, Kec. Gresik, Kabupaten Gresik, Jawa Timur 61114, Indonesia","No.12, Kemuteran, Pekelingan, Kec. Gresik, Kabupaten Gresik, Jawa Timur 61116, Indonesia","Jl. Samanhudi No.1, Kemuteran, Pekelingan, Kec. Gresik, Kabupaten Gresik, Jawa Timur 61114, Indonesia","Jl. Nyai Ageng Pinat No.26, Kemuteran, Kebungson, Kec. Gresik, Kabupaten Gresik, Jawa Timur 61115, Indonesia","Jalan Nyai Ageng Pinatih No.2, Bedilan, Kebungson, Kec. Gresik, Kabupaten Gresik, Jawa Timur 61114, Indonesia","Jalan MH.Kholil 11 gresik, Bedilan, Pekelingan, Kec. Gresik, Kabupaten Gresik, Jawa Timur 61115, Indonesia","Jl. Kh. Kholil No.11, Bedilan, Kebungson, Gresik, Kabupaten Gresik, Jawa Timur 61114, Indonesia","Jl. Kh. Kholil No.8, Pulopancikan, Kebungson, Gresik, Kabupaten Gresik, Jawa Timur 61114, Indonesia","Jl. Kh. Kholil No.2, Pulopancikan, Kebungson, Kec. Gresik, Kabupaten Gresik, Jawa Timur 61114, Indonesia","Jl. AKS Tubun No.5, Bedilan, Kebungson, Gresik, Kabupaten Gresik, Jawa Timur 61114, Indonesia","Jl. AKS Tubun No.2, Bedilan, Kebungson, Kec. Gresik, Kabupaten Gresik, Jawa Timur 61114, Indonesia","Jl. AKS Tubun No.15, Pulopancikan, Kebungson, Gresik, Kabupaten Gresik, Jawa Timur 61114, Indonesia","No., Jl. Kyai H. Zubair No.16, Pulopancikan, Kebungson, Kec. Gresik, Kabupaten Gresik, Jawa Timur 61113, Indonesia","Jl. Kyai H. Zubair No.29, Pulopancikan, Kebungson, Gresik, Kabupaten Gresik, Jawa Timur 61113, Indonesia","Jl. Kyai H. Zubair No.49, Bedilan, Kebungson, Gresik, Kabupaten Gresik, Jawa Timur 61113, Indonesia","NO GRESIK, Jl. Kyai H. Zubair No.71, Bedilan, Kebungson, Kec. Gresik, Kabupaten Gresik, Jawa Timur 61113, Indonesia","Jl. Kh. Zubaer No. 20, Gapuro Sukolilo, Bedilan, Gresik Sub-District, Gresik Regency, East Java 61113, Indonesia","Jl. Kyai H. Zubair No.91, Gapuro Sukolilo, Bedilan, Gresik, Kabupaten Gresik, Jawa Timur 61119, Indonesia","Jl. Keramat Langon No.1, Sumberrejo, Pulopancikan, Kec. Gresik, Kabupaten Gresik, Jawa Timur 61111, Indonesia","Jl. Kyai H. Agus Salim No.66, Sumberrejo, Pulopancikan, Kec. Gresik, Kabupaten Gresik, Jawa Timur 61119, Indonesia","Jl. Kyai H. Agus Salim No.56, Sumberrejo, Pulopancikan, Gresik, Kabupaten Gresik, Jawa Timur 61119, Indonesia","Jl. Kyai H. Agus Salim No.27, RW.01, Sumberrejo, Sumberrejo, Pulopancikan, Kec. Gresik, Kabupaten Gresik, Jawa Timur 61119, Indonesia","Jl. Kyai H. Agus Salim No.14, Sumberrejo, Pulopancikan, Gresik, Kabupaten Gresik, Jawa Timur 61119, Indonesia","JL. Kyai Haji Zubair, 113, Gresik, 61113, Indonesia","Jl. Kyai H. Agus Salim No.4, Sumberrejo, Pulopancikan, Gresik, Kabupaten Gresik, Jawa Timur 61111, Indonesia","Jl. Jaksa Agung Suprapto No.2, Sumberrejo, Pulopancikan, Kec. Gresik, Kabupaten Gresik, Jawa Timur 61111, Indonesia","Jl. Panglima Sudirman No.15 A, Sumberrejo, Pulopancikan, Kec. Gresik, Kabupaten Gresik, Jawa Timur 61111, Indonesia","Jl. Jaksa Agung Suprapto No.12a, Tlogobendung, Bedilan, Gresik, Kabupaten Gresik, Jawa Timur 61118, Indonesia","Jl. Jaksa Agung Suprapto No.38 C, Tlogobendung, Bedilan, Gresik, Kabupaten Gresik, Jawa Timur 61111, Indonesia","Jl. Jaksa Agung Suprapto No.5, Sumursango, Sidokumpul, Kec. Gresik, Kabupaten Gresik, Jawa Timur 61111, Indonesia","Jl. Jaksa Agung Suprapto No.32, Sumursango, Bedilan, Kec. Gresik, Kabupaten Gresik, Jawa Timur 61119, Indonesia","Jl. Jaksa Agung Suprapto No.39, Sumursango, Bedilan, Kec. Gresik, Kabupaten Gresik, Jawa Timur 61111, Indonesia","Jl. Jaksa Agung Suprapto No.72, Ngipik, Karangpoh, Kec. Gresik, Kabupaten Gresik, Jawa Timur 61111, Indonesia","Jl. Jaksa Agung Suprapto No.53, Ngipik, Karangpoh, Gresik, Kabupaten Gresik, Jawa Timur 61111, Indonesia","Jl. Jaksa Agung Suprapto No.87, Ngipik, Karangpoh, Kec. Gresik, Kabupaten Gresik, Jawa Timur 61118, Indonesia","Jl. Jaksa Agung Suprapto No.105, Ngipik, Karangpoh, Gresik, Kabupaten Gresik, Jawa Timur 61111, Indonesia","Jl. Jenderal Ahmad Yani No.2c Sukorame, Ngipik, Sukorame, Kec. Gresik, Kabupaten Gresik, Jawa Timur 61119, Indonesia","Jl. DR. Soetomo No.10, Ngipik, Trate, Gresik, Kabupaten Gresik, Jawa Timur 61111, Indonesia","Jl. DR. Soetomo No.34, Ngipik, Karangpoh, Gresik, Kabupaten Gresik, Jawa Timur 61119, Indonesia","Jl. DR. Soetomo No.81a, Trate, Gresik, Kabupaten Gresik, Jawa Timur 61111, Indonesia","Jl. DR. Soetomo No.76, Trate, Gresik, Kabupaten Gresik, Jawa Timur 61111, Indonesia","Jl. DR. Soetomo No.131, Trate, Darmo, Wonokromo, Kota SBY, Jawa Timur 60241, Indonesia","JL. Doktor Sutomo, No. 69-71, Kawisanyar, Kebomas, Trate, Kec. Gresik, Kabupaten Gresik, Jawa Timur 61111, Indonesia","Jl. DR. Soetomo No.169, Kesemen, Trate, Gresik, Kabupaten Gresik, Jawa Timur 61111, Indonesia","no., Gg.  No.57, Kesemen, Sukorame, Kec. Gresik, Kabupaten Gresik, Jawa Timur 61121, Indonesia","Gg. I No.47, Kesemen, Sukorame, Gresik, Kabupaten Gresik, Jawa Timur 61111, Indonesia","Jalan Raden Ajeng Kartini No. 31, Kec. Gresik, Jawa Tengah, Indonesia","Jl. R.A. Kartini No.310, Kesemen, Tlogopatut, Gresik, Kabupaten Gresik, Jawa Timur 61111, Indonesia","Jl. R.A. Kartini No.286, Kesemen, Sukorame, Gresik, Kabupaten Gresik, Jawa Timur 61111, Indonesia","Jl. R.A. Kartini No.280, Kesemen, Sukorame, Kec. Gresik, Kabupaten Gresik, Jawa Timur 61122, Indonesia","Jl. R.A. Kartini No.262, Injen Barat, Tlogobendung, Gresik, Kabupaten Gresik, Jawa Timur 61111, Indonesia","Jl. R.A. Kartini No.220, Injen Barat, Tlogobendung, Gresik, Kabupaten Gresik, Jawa Timur 61122, Indonesia","Jl. R.A. Kartini No. 210, Sidomoro, Kebomas, Injen Barat, Tlogobendung, Kec. Gresik, Kabupaten Gresik, Jawa Timur 61122, Indonesia","Jl. R.A. Kartini No.162, Injen Barat, Tlogobendung, Gresik, Kabupaten Gresik, Jawa Timur 61122, Indonesia","Jl. Olharaga No.25, Tuban Barat, Tlogobendung, Gresik, Kabupaten Gresik, Jawa Timur 61122, Indonesia","Jl. R.A. Kartini No.18, Kramatandap, Sidomoro, Gresik, Kabupaten Gresik, Jawa Timur 61122, Indonesia","Raya, no, Gresik, Gg. IV, No, 58, Gapurosukolilo, Kec. Gresik, Kabupaten Gresik, Jawa Timur 61122, Indonesia","Jl. Kapten Dulasim No.2, Kramatandap, Gapurosukolilo, Kec. Gresik, Kabupaten Gresik, Jawa Timur 61122, Indonesia","No., Jl. Kapten Dulasim No.2, Kramatandap, Gapurosukolilo, Kec. Gresik, Kabupaten Gresik, Jawa Timur 61122, Indonesia","Jl. Kapten Dulasim No.3, Kramatandap, Gapurosukolilo, Kec. Gresik, Kabupaten Gresik, Jawa Timur 61122, Indonesia","Jl. Kapten Dulasim No.09, Kramatandap, Gapurosukolilo, Kec. Gresik, Kabupaten Gresik, Jawa Timur 61112, Indonesia","Jl. Panglima Sudirman No.122F, Kramatandap, Gapurosukolilo, Kec. Gresik, Kabupaten Gresik, Jawa Timur 61122, Indonesia"]', 3, 'Lyn B'),
	(4, 'Rute Lyn E', 'Terminal Bundar ', 'Darmo Sugondo ', 'Trmn. Bunder -- Bunderan GKB -- Sunan Giri -- Kedanyang -- Mayjend Sungkono -- Veteran -- Darmo Sugondo -- (PP)', 'true', '(-7.170102261992043, 112.58447683617635),(-7.170123551863949, 112.58344686791463),(-7.169516790124406, 112.583151824923),(-7.169367760801583, 112.58405841157003),(-7.169325180986095, 112.5855121688561),(-7.169059057049182, 112.58768475815816),(-7.168910027576595, 112.58966959282918),(-7.168569388599028, 112.592518098803),(-7.168260684305591, 112.59479797646566),(-7.168005204732151, 112.59677744671865),(-7.1677816599878605, 112.59928262993856),(-7.167334570170231, 112.60248518750234),(-7.167025865040117, 112.60473287865682),(-7.166706514685426, 112.60713077351613),(-7.166440389218871, 112.60985053345723),(-7.166121038453865, 112.61260247990651),(-7.1658549126454005, 112.61441028878255),(-7.1646839572420316, 112.61491990849538),(-7.16328945188269, 112.6153544263558),(-7.162863629062023, 112.61547716713676),(-7.162280111808769, 112.6156978747972),(-7.16161381961476, 112.61600214319583),(-7.161299788039401, 112.6161416180646),(-7.160851709284628, 112.61643742231149),(-7.160588241689775, 112.61667882112283),(-7.160155538324505, 112.61720848559344),(-7.1598117430961095, 112.6178287257145),(-7.159646742829805, 112.61834102763635),(-7.159590855629303, 112.61839735402566),(-7.159479081207742, 112.61811840428811),(-7.159468436023318, 112.6177911747883),(-7.1593406937907265, 112.6175765980671),(-7.1590559349351715, 112.61751222505075),(-7.158537232093259, 112.61748645058037),(-7.158041043268725, 112.61742744198204),(-7.157868058445597, 112.61737379780175),(-7.157534094243633, 112.61727187385918),(-7.157938612792727, 112.61750790825249),(-7.158635874186723, 112.61792633285881),(-7.159003133576441, 112.61812481632592),(-7.1593863604504575, 112.61850569000603),(-7.159556683402248, 112.61860224953057),(-7.15976426441373, 112.61848423233391),(-7.159913296876548, 112.6178887819326),(-7.160232651990009, 112.61732015362145),(-7.160810308094604, 112.61660079622197),(-7.1614277265645185, 112.61620382928777),(-7.1618961124323315, 112.61598925256658),(-7.162710463988875, 112.6156512942307),(-7.163386427901628, 112.61544208192754),(-7.164120938733558, 112.6152006831162),(-7.165126897300263, 112.61491100454259),(-7.165648504571875, 112.61472324991155),(-7.165946565601907, 112.61467497014928),(-7.166068983468484, 112.61461059713292),(-7.166489461977116, 112.61471252107549),(-7.1670642927282335, 112.6148949112885),(-7.167569930289439, 112.61501829290319),(-7.168122526064918, 112.61519465809988),(-7.1685163902460785, 112.61543605691122),(-7.169053961078877, 112.61576328641104),(-7.169511694159239, 112.61620853310751),(-7.1695682534203975, 112.6164703877779),(-7.169584220843146, 112.61664473136386),(-7.169391426487062, 112.6169397743555),(-7.169183849859796, 112.61714362224063),(-7.169157237464843, 112.61736892779788),(-7.169299781337711, 112.61766444383943),(-7.169470100585235, 112.61797558008516),(-7.169656387189303, 112.618308174003),(-7.16978412653091, 112.618667590011),(-7.169967751771714, 112.61890630661333),(-7.170542578133857, 112.61910479008043),(-7.171245142702301, 112.61921744285905),(-7.171596424580068, 112.61920134960496),(-7.172128669333043, 112.6189921373018),(-7.17259704420101, 112.61907260357225),(-7.172932357730982, 112.61925499378526),(-7.1731931569724505, 112.61956613003099),(-7.173453956064536, 112.62009720741594),(-7.17365088589219, 112.62051563202226),(-7.17360830647721, 112.62093942104661),(-7.17353911491938, 112.62137930332506),(-7.173475245779729, 112.62202303348863),(-7.173288960737924, 112.62264530598009),(-7.173012194249351, 112.62295107780778),(-7.172740750029812, 112.62333731590593),(-7.172692848091911, 112.62360553680742),(-7.172650268587328, 112.62390057979906),(-7.172437371004685, 112.62435655533159),(-7.172272375309665, 112.62459795414293),(-7.172203183548814, 112.62485544620836),(-7.1722244733224905, 112.62508075176561),(-7.172352211943767, 112.62575398622835),(-7.172416081240956, 112.62602757154787),(-7.17243470978428, 112.62622605501497),(-7.172501240289942, 112.62651841579759),(-7.172694906168759, 112.62700445272458),(-7.173046186928025, 112.62668795206082),(-7.17357842998621, 112.62624806978238),(-7.1742809898701685, 112.6257652721597),(-7.174940969379446, 112.6252985677911),(-7.175510467057781, 112.62478894807828),(-7.176048029633032, 112.62433297254574),(-7.176532367647135, 112.62386090375912),(-7.177053961855027, 112.62337810613644),(-7.17754362117952, 112.62302405454648),(-7.178054569478012, 112.62278265573514),(-7.178677286940926, 112.6225251636697),(-7.17911904325674, 112.62233204462063),(-7.17959805564449, 112.62205845930112),(-7.180156902792627, 112.62172586538327),(-7.181227289289708, 112.62106067754758),(-7.182440780733331, 112.62051350690854),(-7.1833242856241535, 112.62055642225278),(-7.184367457862997, 112.62061006643307),(-7.185344480906251, 112.62068734154514),(-7.1852114236419515, 112.61987999663165),(-7.185112961241278, 112.61952594504169),(-7.184987887350226, 112.6188983081322),(-7.1848362019467995, 112.61825726017764),(-7.1846791941951915, 112.61767522082141),(-7.183925513438848, 112.61780260701607),(-7.185282982427001, 112.62065550707439),(-7.185614553497576, 112.62068791900015),(-7.186404912374873, 112.6207147410903),(-7.186977056832343, 112.62076033864355),(-7.187527911512994, 112.62076570306158),(-7.187966998098919, 112.62109025035238),(-7.1883448783361565, 112.6214711240325),(-7.18891169810261, 112.62208266768789),(-7.18961955653611, 112.62280686412191),(-7.190194358061479, 112.62342913661337),(-7.190790447763849, 112.62403531585073),(-7.191301381171695, 112.62455029998159),(-7.191652647556127, 112.62491508040762),(-7.191871303929484, 112.62523382493282),(-7.192148058938012, 112.62599557229305),(-7.192126770097191, 112.6268324215057),(-7.191924526059608, 112.62798040696407),(-7.191658415346602, 112.62894600220943),(-7.191094260119284, 112.63049095460201),(-7.190519459732858, 112.63140290566707),(-7.190157548005216, 112.63190179654384),(-7.189928691910949, 112.63296395131374),(-7.189838213888377, 112.63372033425594),(-7.1897956359891735, 112.63449281045223),(-7.189838213888377, 112.63541012593532),(-7.189864825073359, 112.6363596279266),(-7.189965947562058, 112.63729840108181),(-7.1900936811998, 112.63840883561397),(-7.190519459732858, 112.63997524567867),(-7.190758959982284, 112.64083355256344),(-7.191062326783558, 112.6417991478088),(-7.191307148966648, 112.64274328538204),(-7.191621159834344, 112.64391272851253),(-7.191775504079541, 112.64501779862667),(-7.191956459334687, 112.64590829201961),(-7.191546648800641, 112.64605849572445),(-7.190822826694127, 112.64627843686367),(-7.189918047438639, 112.64656811543728),(-7.188954721661964, 112.64685779401088),(-7.188113805778051, 112.64712065049434),(-7.187224987930182, 112.64739423581386),(-7.186325523787125, 112.64766245671535),(-7.185335578944422, 112.64798432179714),(-7.184329665040655, 112.64833300896908),(-7.1832119803145185, 112.64867096730495),(-7.182413632399151, 112.64896064587856),(-7.1817962423833945, 112.64918595143581),(-7.18108304942514, 112.64947026559139),(-7.1799706790709505, 112.6499047834518),(-7.179417154053228, 112.65012472459102),(-7.178193009795069, 112.65063970872188),(-7.177101921919053, 112.65113323518062),(-7.176415333572882, 112.65142827817226),(-7.175569072092981, 112.65175014325405),(-7.174845224547068, 112.65206127949978),(-7.173897834107948, 112.65245288201595),(-7.172854637860406, 112.65288739987636),(-7.171917888172639, 112.65327900239254),(-7.171146132720618, 112.65355795213009),(-7.171199357276537, 112.65377252885128),(-7.171390965626362, 112.65417754241253),(-7.17152136570722, 112.65448599644924),(-7.171662410650594, 112.65478103944088),(-7.1717768433083995, 112.6550734002235),(-7.172019014652186, 112.6556125242355),(-7.1721174798869995, 112.65581905432964),(-7.172274491974148, 112.65616505929256),(-7.172386263257431, 112.6564601022842),(-7.172745527910719, 112.6574686128738),(-7.1731526941750605, 112.65843689032818),(-7.173777198645662, 112.66087479511145),(-7.1744052443797, 112.66273088374976),(-7.17528344247, 112.66284890094641),(-7.176342600336693, 112.66288645187262),(-7.176543945395, 112.66290001509526),(-7.1765492677877605, 112.6628356420789)', 1, '["Stand B No. 30 Terminal Bunder, Jl. Raya Banjarsari, Banjai Sari, Banjarsari, Cerme, Kabupaten Gresik, Jawa Timur 61171, Indonesia","Komplek Terminal Bunder Blok A No. 10, Banjai Sari, Banjarsari, Gresik, Kabupaten Gresik, Jawa Timur 61171, Indonesia","Jl. Raya Gresik - Lamongan, Banjai Sari, Banjarsari, Cerme, Kabupaten Gresik, Jawa Timur 61171, Indonesia","Jalan Perkantoran Terminal Bunder B45 Gresik, Banjai Sari, Banjarsari, Cerme, Kabupaten Gresik, Jawa Timur 61171, Indonesia","Jl. Dr. Wahidin S.H. No.10, Banjai Sari, Banjarsari, Cerme, Kabupaten Gresik, Jawa Timur 61171, Indonesia","Jl. Raya Gresik - Babat No.1937, Banjai Sari, Banjarsari, Cerme, Kabupaten Gresik, Jawa Timur 61162, Indonesia","Jl. Dr. Wahidin S.H. No.B1, Dahanrejo, Kebomas, Kabupaten Gresik, Jawa Timur 61161, Indonesia","Jl. Raya Gresik - Lamongan, Dahanrejo, Kebomas, Kabupaten Gresik, Jawa Timur 61124, Indonesia","Jl. Dr. Wahidin S.H. No.744, Dahanrejo, Kebomas, Kabupaten Gresik, Jawa Timur 61161, Indonesia","Gedung NU Gresik, Jl. Dr. Wahidin S.H. No.756, Dahanrejo, Kebomas, Kabupaten Gresik, Jawa Timur 61124, Indonesia","Jl. Dr. Wahidin S.H. No.750, Dahanrejo, Kebomas, Kabupaten Gresik, Jawa Timur 61161, Indonesia","Jl. Raya Gresik - Lamongan, Dahanrejo, Kebomas, Kabupaten Gresik, Jawa Timur 61124, Indonesia","Perum Brai blok M-1A, RT.,002/RW.,009, Kembangan, Randuagung, Kebomas, Kabupaten Gresik, Jawa Timur 61124, Indonesia","JL. Dr. Wahidin Sudirohusodo, No. 712, Kembangan, Gresik, Kabupaten Gresik, Jawa Timur 61124, Indonesia","Jl. Dr. Wahidin S.H. No.225, RT.03, Kembangan, Kebomas, Kabupaten Gresik, Jawa Timur 61124, Indonesia","Jl. Dr.Wahidin SHD No.698, Kembangan, Kebomas, Kabupaten Gresik, Jawa Timur 61124, Indonesia","Ruko City 9, Jl. Dr. Wahidin S.H., Randuboyo, Ngipik, Kec. Gresik, Kabupaten Gresik, Jawa Timur 61121, Indonesia","Jl. Dr. Wahidin S.H. No.644, Klangonan, Kebomas, Kabupaten Gresik, Jawa Timur 61124, Indonesia","Jl. Dr. Wahidin S.H. No.590, Klangonan, Kebomas, Kabupaten Gresik, Jawa Timur 61124, Indonesia","Jalan Sumatra, depan taman Bundaran, Setingi, Randuagung, Kebomas, Kabupaten Gresik, Jawa Timur 61121, Indonesia","Jl. Simpang Bengawan Solo No.43, Gn. Malang, Randuagung, Kebomas, Kabupaten Gresik, Jawa Timur 61121, Indonesia","Jl. Raya Gresik - Babat No.550, Gn. Malang, Randuagung, Kebomas, Kabupaten Gresik, Jawa Timur 61124, Indonesia","03, Jl. Dr. Wahidin S.H. No.162, Setingi, Randuagung, Kebomas, Kabupaten Gresik, Jawa Timur 61121, Indonesia","03, Jl. Dr. Wahidin S.H. No.162, Setingi, Randuagung, Kebomas, Kabupaten Gresik, Jawa Timur 61121, Indonesia","Jl. Raya Gresik - Lamongan No.180, Randuagung, Kebomas, Kabupaten Gresik, Jawa Timur 61121, Indonesia","Jl. Raya Gresik - Lamongan No.177, Randuagung, Kebomas, Kabupaten Gresik, Jawa Timur 61121, Indonesia","Jl. Raya Gresik - Lamongan No.171, Randuagung, Kebomas, Kabupaten Gresik, Jawa Timur 61121, Indonesia","Jalan Sumatra, depan taman Bundaran, Setingi, Randuagung, Kebomas, Kabupaten Gresik, Jawa Timur 61121, Indonesia","Jl. Dr. Wahidin S.H. No.162a, Setingi, Randuagung, Kebomas, Kabupaten Gresik, Jawa Timur 61121, Indonesia","Jl. Dr. Wahidin S.H. No.162a, Setingi, Randuagung, Kebomas, Kabupaten Gresik, Jawa Timur 61121, Indonesia","Jl. Dr. Wahidin S.H. No.162a, Setingi, Randuagung, Kebomas, Kabupaten Gresik, Jawa Timur 61121, Indonesia","Kebomas, Setingi, Randuagung, Kec. Gresik, Kabupaten Gresik, Jawa Timur 61121, Indonesia","Kebomas, Setingi, Randuagung, Kec. Gresik, Kabupaten Gresik, Jawa Timur 61121, Indonesia","Jl. Sumatra, Randuagung, Kebomas, Kabupaten Gresik, Jawa Timur 61121, Indonesia","Jl. Sumatra, Setinggi, RT.01/RW.01, Setingi, Randuagung, Kebomas, Kabupaten Gresik, Jawa Timur 61121, Indonesia","Jl. Sumatra No.20, Setingi, Randuagung, Kebomas, Kabupaten Gresik, Jawa Timur 61121, Indonesia","Jl. Sumatra No.24, Setingi, Randuagung, Kebomas, Kabupaten Gresik, Jawa Timur 61121, Indonesia","Jl. Sumatra No.22 GKB, Setingi, Randuagung, Kebomas, Kabupaten Gresik, Jawa Timur 61121, Indonesia","Jl. Sumatra Setingi, Setingi, Randuagung, Kebomas, Gresik Regency, East Java 61121, Indonesia","Jl. Sumatra, Setingi, Randuagung, Kebomas, Kabupaten Gresik, Jawa Timur 61121, Indonesia","Perumahan Gresik Kota Baru, Jl. Sumatra No.4, Setingi, Randuagung, Kebomas, Kabupaten Gresik, Jawa Timur 61121, Indonesia","Jalan Simpang Terminal No.10 Sub Terminal, Setingi, Randuagung, Kec. Gresik, Kabupaten Gresik, Jawa Timur 61121, Indonesia","Jl. Dr. Wahidin S.H. No.159, Setingi, Banjar, mendalan, Kabupaten Lamongan, Jawa Timur 62212, Indonesia","Jl. Dr. Wahidin S.H. No.159, Setingi, Banjar, mendalan, Kabupaten Lamongan, Jawa Timur 62212, Indonesia","Jl. Dr. Wahidin S.H. No.162a, Setingi, Randuagung, Kebomas, Kabupaten Gresik, Jawa Timur 61121, Indonesia","JL. Belitung 8, Randuagung, Setingi, Randuagung, Kec. Gresik, Kabupaten Gresik, Jawa Timur 61121, Indonesia","Jl. Raya Gresik - Lamongan No.179, Randuagung, Kebomas, Kabupaten Gresik, Jawa Timur 61121, Indonesia","Jl. Dr. Wahidin S.H. No.162, Setingi, Randuagung, Kebomas, Kabupaten Gresik, Jawa Timur 61121, Indonesia","Jl. Dr. Wahidin S.H. No.190, Setingi, Randuagung, Kebomas, Kabupaten Gresik, Jawa Timur 61121, Indonesia","nomor Gresik, Jl. Raya Gresik - Babat No.57, Gn. Malang, Sukodono, Kec. Gresik, Kabupaten Gresik, Jawa Timur 61116, Indonesia","03, Jl. Dr. Wahidin S.H. No.558, Gn. Malang, Randuagung, Kebomas, Kabupaten Gresik, Jawa Timur 61124, Indonesia","Jl. Dr. Wahidin S.H. No.580, Gn. Malang, Randuagung, Kebomas, Kabupaten Gresik, Jawa Timur 61124, Indonesia","Jl. Dr. Wahidin S.H. No.608, Klangonan, sumber, Kabupaten Gresik, Jawa Timur 61124, Indonesia","Jl. Dr. Wahidin S.H. No.620b, Klangonan, Kebomas, Kabupaten Gresik, Jawa Timur 61124, Indonesia","Jl. Dr. Wahidin S.H. No.622, Klangonan, Kebomas, Kabupaten Gresik, Jawa Timur 61124, Indonesia","Jl. Raya Gresik - Lamongan No.622, Klangonan, Kebomas, Kabupaten Gresik, Jawa Timur 61124, Indonesia","Jl. Mayjend Sungkono, Klangonan, Kebomas, Kabupaten Gresik, Jawa Timur 61124, Indonesia","Jalan Mayjend Sungkono Dusun Sumber, RT.4/RW.2, Klangonan, Kembangan, Kebomas, Kabupaten Gresik, Jawa Timur 61124, Indonesia","Jl. Mayjend Sungkono No.67, Klangonan, Kembangan, Kebomas, Kabupaten Gresik, Jawa Timur 61124, Indonesia","Jl. Mayjend Sungkono, Klangonan, Kebomas, Kabupaten Gresik, Jawa Timur 61124, Indonesia","Kebomas, Jl. Mayjend Sungkono, Klangonan, Kembangan, Kec. Gresik, Kabupaten Gresik, Jawa Timur 61124, Indonesia","Jl. Mayjend Sungkono No.30, Klangonan, Kebomas, Kabupaten Gresik, Jawa Timur 61124, Indonesia","Jl. Mayjend Sungkono, Klangonan, Kebomas, Kabupaten Gresik, Jawa Timur 61124, Indonesia","Jl. Raya Kembangan(sebelah utara masjid agung, Klangonan, Kebomas, Kabupaten Gresik, Jawa Timur 61121, Indonesia","Gg. II No.3, Pedukuhan, Kebomas, Kabupaten Gresik, Jawa Timur 61124, Indonesia","Jl. Mayjend Sungkono No.30, Klangonan, Kembangan, Kebomas, Kabupaten Gresik, Jawa Timur 61124, Indonesia","JL. Mayjend Sungkono, No. 57-58, Klangonan, Giri, Kec. Gresik, Kabupaten Gresik, Jawa Timur 61124, Indonesia","Jl. Mayjend Sungkono No.59, Klangonan, Kembangan, Kebomas, Kabupaten Gresik, Jawa Timur 61124, Indonesia","Jalan Mayjend Sungkono,depan komplek Makam Condro Dipo, Klangonan, Kembangan, Kebomas, Kabupaten Gresik, Jawa Timur 61124, Indonesia","Jl. Mayjend Sungkono No.63, Klangonan, Kebomas, Kabupaten Gresik, Jawa Timur 61171, Indonesia","Jl. Mayjend Sungkono No.63, Klangonan, Kebomas, Kabupaten Gresik, Jawa Timur 61124, Indonesia","Jl. Mayjend Sungkono No.45, Klangonan, Kebomas, Kabupaten Gresik, Jawa Timur 61124, Indonesia","Jl. Mayjend Sungkono No.45, Klangonan, Kebomas, Kabupaten Gresik, Jawa Timur 61124, Indonesia","Jl. Mayjend Sungkono No.53, Klangonan, Kebomas, Kabupaten Gresik, Jawa Timur 61124, Indonesia","Giri, Kebomas, Jetak, Giri, Kebomas, Kabupaten Gresik, Jawa Timur 61124, Indonesia","No., Jl. Mayjend Sungkono No.11, Jetak, Giri, Kebomas, Kabupaten Gresik, Jawa Timur 61124, Indonesia","Gg. Karang Tj. III No.17, Jetak, Giri, Kebomas, Kabupaten Gresik, Jawa Timur 61124, Indonesia","Jl. Mayjend Sungkono, Giri, Kebomas, Kabupaten Gresik, Jawa Timur 61124, Indonesia","Sekarkurung, Kebomas, Jetak, Sekarkurung, Kec. Gresik, Kabupaten Gresik, Jawa Timur 61124, Indonesia","Gg. Karang Tj. III No.45, Jetak, Giri, Kebomas, Kabupaten Gresik, Jawa Timur 61124, Indonesia","Jl. Mayjend Sungkono No.127, Karangtanjung, Giri, Kebomas, Kabupaten Gresik, Jawa Timur 61124, Indonesia","Jl. Mayjend Sungkono No.117, Karangtanjung, Giri, Kebomas, Kabupaten Gresik, Jawa Timur 61124, Indonesia","Jl. Mayjend Sungkono No.115, Karangtanjung, Giri, Kebomas, Kabupaten Gresik, Jawa Timur 61124, Indonesia","Jl. Mayjend Sungkono No.113, Karangtanjung, Giri, Kebomas, Kabupaten Gresik, Jawa Timur 61124, Indonesia","Jl. Mayjend Sungkono No.48, Jetak, Giri, Kebomas, Kabupaten Gresik, Jawa Timur 61124, Indonesia","Jl. Mayjend Sungkono No.42, Karangtanjung, Sekarkurung, Kebomas, Kabupaten Gresik, Jawa Timur 61124, Indonesia","Jl. Mayjend Sungkono No.113, Karangtanjung, Giri, Kebomas, Kabupaten Gresik, Jawa Timur 61124, Indonesia","Jl. Mayjend Sungkono No.20, RW.1, Ketek, Kawisanyar, Kebomas, Kabupaten Gresik, Jawa Timur 61124, Indonesia","1, Jl. Mayjend Sungkono No.18, Ketek, Kawisanyar, Kebomas, Kabupaten Gresik, Jawa Timur 61124, Indonesia","JL. Mayjen Sungkono, No. 18 A, Duduksampeyan, Karangtanjung, Giri, Kec. Gresik, Kabupaten Gresik, Jawa Timur 61162, Indonesia","Jl. Mayjend Sungkono No.100, Karangtanjung, Giri, Kebomas, Kabupaten Gresik, Jawa Timur 61124, Indonesia","Jl. Mayjend Sungkono No.02, RT.06/RW.RW, Kebodalem, Giri, Kebomas, Kabupaten Gresik, Jawa Timur 61161, Indonesia","Jl. Mayjend Sungkono No.88, Karangtanjung, Giri, Kebomas, Kabupaten Gresik, Jawa Timur 61124, Indonesia","Jl. Mayjend Sungkono No.68 E, RW.1, Karangtanjung, Giri, Kebomas, Kabupaten Gresik, Jawa Timur 61124, Indonesia","Jl. Kedanyang - Gresik No.2, Kebomas, Kabupaten Gresik, Jawa Timur 61124, Indonesia","Jl. Mayjend Sungkono Blok A No.35, Sekarkurung, Kebomas, Kabupaten Gresik, Jawa Timur 61124, Indonesia","Jl. Mayjend Sungkono No.7, Sekarkurung, Kebomas, Kabupaten Gresik, Jawa Timur 61124, Indonesia","Jl. Mayjend Sungkono No.7, Sekarkurung, Kebomas, Kabupaten Gresik, Jawa Timur 61124, Indonesia","Jl. Mayjend Sungkono No.16, Sekarkurung, Kebomas, Kabupaten Gresik, Jawa Timur 61124, Indonesia","Jl. Mayjend Sungkono No.57, Sekarkurung, Kebomas, Kabupaten Gresik, Jawa Timur 61124, Indonesia","Jl. Mayjend Sungkono No.Ds, Sekarkurung, Kebomas, Kabupaten Gresik, Jawa Timur 61124, Indonesia","Jl. Mayjend Sungkono No.99, Prambangan, Kebomas, Kabupaten Gresik, Jawa Timur 14320, Indonesia","Jl. Mayjend Sungkono No.99, Prambangan, Kebomas, Kabupaten Gresik, Jawa Timur 14320, Indonesia","Jl. Mayjend Sungkono No.99, Prambangan, Kebomas, Kabupaten Gresik, Jawa Timur 14320, Indonesia","Jl. Tol Surabaya - Gresik, Kebomas, Kabupaten Gresik, Jawa Timur 61124, Indonesia","Jl. Tol Surabaya - Gresik, Kebomas, Kabupaten Gresik, Jawa Timur 61124, Indonesia","Jl. Tol Surabaya - Gresik, Kebomas, Kabupaten Gresik, Jawa Timur 61124, Indonesia","Jl. Tol Surabaya - Gresik, Kebomas, Kabupaten Gresik, Jawa Timur 61124, Indonesia","Jl. Tol Surabaya - Gresik, Kebomas, Kabupaten Gresik, Jawa Timur 61124, Indonesia","Jl. Tol Surabaya - Gresik, Kebomas, Kabupaten Gresik, Jawa Timur 61124, Indonesia","Jl. Tol Surabaya - Gresik, Kebomas, Kabupaten Gresik, Jawa Timur 61124, Indonesia","Jl. Raya Kedanyang, Sekarkurung, Kebomas, Kabupaten Gresik, Jawa Timur 61124, Indonesia","Jl. Airlangga No.99, Sekarkurung, Kebomas, Kabupaten Gresik, Jawa Timur 61124, Indonesia","Jl. Airlangga No.99, Sekarkurung, Kebomas, Kabupaten Gresik, Jawa Timur 61124, Indonesia","Jl. Airlangga No.99, Sekarkurung, Kebomas, Kabupaten Gresik, Jawa Timur 61124, Indonesia","Jl. Mayjend Sungkono No.69, Sekarkurung, Kebomas, Kabupaten Gresik, Jawa Timur 61124, Indonesia","Jl. Airlangga No.99, Sekarkurung, Kebomas, Kabupaten Gresik, Jawa Timur 61124, Indonesia","Jl. Mayjend Sungkono No.Ds, Sekarkurung, Kebomas, Kabupaten Gresik, Jawa Timur 61124, Indonesia","Jl. Mayjend Sungkono No.56, Sekarkurung, Sumber Kembangan, Kebomas, Kabupaten Gresik, Jawa Timur 61124, Indonesia","Jl. Mayjend Sungkono No.11A, Prambangan, Kebomas, Kabupaten Gresik, Jawa Timur 61124, Indonesia","Jl. Mayjend Sungkono KM.3,5 No.7, RT.3/RW.1, Prambangan, Kebomas, Kec. Gresik, Kabupaten Gresik, Jawa Timur 61121, Indonesia","Jalan Raya Janti No 11 Rt 1 Rw 1, Napes, Gulomantung, Sidoarjo, Kabupaten Gresik, Jawa Timur 61124, Indonesia","Jembatan, Jl. Mayjend Sungkono, Napes, Gulomantung, Kebomas, Kabupaten Gresik, Jawa Timur 61124, Indonesia","Jl. Mayjend Sungkono, Pundung, Ngargosari, Kebomas, Kabupaten Gresik, Jawa Timur 61124, Indonesia","Jl. Mayjend Sungkono No.5, Jagongan, Ngargosari, Kebomas, Kabupaten Gresik, Jawa Timur 61123, Indonesia","Jl. Mayjend Sungkono No.10, Segoromadu, Gending, Kec. Gresik, Kabupaten Gresik, Jawa Timur 61123, Indonesia","Panggang, Jl. Veteran No.182, Panggang, Gending, Kebomas, Kabupaten Gresik, Jawa Timur 61123, Indonesia","Jl. Veteran No.129A, Kb. Dalem, Sidokumpul, Gresik, Kabupaten Gresik, Jawa Timur 61122, Indonesia","Jl. Kapten Dulasim No.17, Kramatandap, Pulopancikan, Gresik, Kabupaten Gresik, Jawa Timur 61122, Indonesia","Jegong, Pulopancikan, Kec. Gresik, Kabupaten Gresik, Jawa Timur 61122, Indonesia","Jl. Kapten Dulasim No.171, Jegong, Pulopancikan, Kebomas, Kabupaten Gresik, Jawa Timur 61124, Indonesia","Jl. Kapten Darmo Sugondo, Jegong, Pulopancikan, Gresik, Kabupaten Gresik, Jawa Timur 61124, Indonesia","Jl. Kapten Dulasim No.193, Jegong, Pulopancikan, Kec. Gresik, Kabupaten Gresik, Jawa Timur 61124, Indonesia","Jl. Kapten Dulasim No.15, Jegong, Pulopancikan, Gresik, Kabupaten Gresik, Jawa Timur 61112, Indonesia","No., Jl. Kapten Darmo Sugondo No.22, Jupuro, Sidorukun, Kec. Gresik, Kabupaten Gresik, Jawa Timur 61124, Indonesia"]', 2, 'Lyn E'),
	(3, 'Rute Lyn FG', 'Arif Rahman Hakim', 'Proklamasi', 'Bp. Wetan -- Pangsud -- A.R. Hakim -- Dr. Sutomo -- Wahidin -- GKB -- Pongangan -- KH. Syafi''i -- Trmn. Gubernur Suryo -- Harun Thohir -- (PP)', 'true', '(-7.167960197217709, 112.65333967988431),(-7.167035374654627, 112.65099876259376),(-7.166364738665261, 112.64985614155341),(-7.165736681843759, 112.64890663956214),(-7.164980883504285, 112.64805906151344),(-7.164464598002604, 112.6474233779769),(-7.163958956996006, 112.64669649933387),(-7.163277671384387, 112.64552437399436),(-7.163128640021125, 112.64556460712959),(-7.162921060541105, 112.64566921328117),(-7.162726787352395, 112.64579930041839),(-7.162290337695059, 112.6460179004531),(-7.161678242959614, 112.6463786575656),(-7.16081066379658, 112.64680512879897),(-7.16116727629038, 112.64615335200835),(-7.161688888092475, 112.64528699849654),(-7.1622371120985004, 112.64454939101745),(-7.16266291669693, 112.64400490258743),(-7.163221784628871, 112.64328875278045),(-7.16380726458466, 112.64241703485061),(-7.164419356461714, 112.64150776599456),(-7.164919674428972, 112.6407755229335),(-7.165622247668653, 112.63988771174957),(-7.165968211365973, 112.63943173621703),(-7.165350799045343, 112.63801821206619),(-7.163985089037777, 112.6347078817032),(-7.1635965434844255, 112.63376642633898),(-7.163011063258011, 112.63196666408999),(-7.1629418700906555, 112.63140876461489),(-7.1630589662138675, 112.63033856321795),(-7.16326654563109, 112.62915570904238),(-7.163351706390298, 112.62809087206347),(-7.163117508302099, 112.62746661901474),(-7.162516059790649, 112.62653052806854),(-7.161957190993673, 112.62558370828629),(-7.16170703045308, 112.62501239776611),(-7.1611321929462095, 112.62323945760727),(-7.160839451344815, 112.62216925621033),(-7.160567999873764, 112.62134581804276),(-7.160296548241167, 112.6205438375473),(-7.160030419032753, 112.61976331472397),(-7.159753644491281, 112.61897206306458),(-7.159679128239879, 112.61852949857712),(-7.159450256820173, 112.61795818805695),(-7.159487514966097, 112.61776775121689),(-7.159322514582505, 112.61757731437683),(-7.159029771819559, 112.61751562356949),(-7.158353801449236, 112.6174807548523),(-7.157640571783602, 112.61727958917618),(-7.157331860090055, 112.61710524559021),(-7.157225407733505, 112.61684507131577),(-7.1570391160497735, 112.6160055398941),(-7.15684750166716, 112.61556297540665),(-7.156411046384186, 112.6153564453125),(-7.155367810114021, 112.61513382196426),(-7.154787641972748, 112.61500239372253),(-7.153904694666887, 112.6148173213005),(-7.1534788818941895, 112.6147449016571),(-7.152882743345178, 112.61494070291519),(-7.152797580631775, 112.61489510536194),(-7.1526379005013325, 112.61457055807114),(-7.152169505129857, 112.61447131633759),(-7.151536106079252, 112.61435061693192),(-7.151248681010189, 112.61421918869019),(-7.15103045074433, 112.613824903965),(-7.150812220374202, 112.61331796646118),(-7.1505194721529275, 112.61264473199844),(-7.150381082019375, 112.6124382019043),(-7.150205432943321, 112.61243015527725),(-7.150152205937243, 112.61258840560913),(-7.150024461097334, 112.61278957128525),(-7.1498275210658235, 112.61295318603516),(-7.149167505205948, 112.61340647935867),(-7.148282968774643, 112.61404102334347),(-7.147490649948028, 112.6143395094823),(-7.146937085492039, 112.61455140399448),(-7.14610187796449, 112.61488621333353),(-7.145127434397596, 112.61525118505779),(-7.144288750239592, 112.61555923217031),(-7.144176972072278, 112.6155565499613),(-7.144075839421159, 112.61522663825247),(-7.1438682512776905, 112.61436564915869),(-7.143737693364795, 112.6138785481453),(-7.143838826090733, 112.6136827468872),(-7.144046414247548, 112.61364251375198),(-7.14403044593114, 112.61342525482178),(-7.1438973766060485, 112.61296659708023),(-7.14411011372836, 112.61291430597578),(-7.144038430089414, 112.61264875531197),(-7.143961249886921, 112.61243015527725),(-7.144161099318307, 112.61232463440581),(-7.144099887451078, 112.6121784540145),(-7.143921574573714, 112.61196521839781),(-7.1437219705240045, 112.6116554232566),(-7.143498413884859, 112.61180965027495),(-7.143285502698334, 112.61139256677313),(-7.143016702183734, 112.6108279617755),(-7.142963474340304, 112.61071665010138),(-7.142816815332003, 112.61039090401391),(-7.142561321515366, 112.60985714441995),(-7.14224195404382, 112.61002612358789),(-7.141598775602403, 112.61029494294189),(-7.140406466727561, 112.6108367491629),(-7.139535106367107, 112.61122566947006),(-7.1394339726893685, 112.61124444493316),(-7.139364775949613, 112.61105937251114),(-7.139125248692712, 112.61049879082702),(-7.139024114924366, 112.61019570120834),(-7.138773941822388, 112.6097209502127),(-7.1380455948102695, 112.6105332152274),(-7.13741749903654, 112.61113939446477),(-7.1358952645793305, 112.61261240140698),(-7.13488391875095, 112.61360481874249),(-7.134061983026532, 112.61450349530446),(-7.134377877466724, 112.61490421099325),(-7.134826611465671, 112.61547336094804),(-7.135432177836954, 112.6162579070849),(-7.135702104470449, 112.616636098556),(-7.136153873657959, 112.61725597275881),(-7.13658029011263, 112.61791311396746),(-7.137736343391252, 112.61951571572081),(-7.138493425379771, 112.62053310509043),(-7.139719929798988, 112.6220913414561),(-7.140553296927094, 112.62341659421713),(-7.142540067277631, 112.62676656246185),(-7.1435763641049315, 112.62858100327378),(-7.14455245228154, 112.63014661328623),(-7.1464029800484585, 112.63322337461489),(-7.1474868062620835, 112.63513078489177),(-7.148077989558642, 112.63611108201746),(-7.148325739163254, 112.63676489956606),(-7.148490743521674, 112.6375454223894),(-7.148773721037302, 112.63869707242554),(-7.148858884501063, 112.63907526389664),(-7.14923004943228, 112.6402348681961),(-7.14971093088328, 112.64168300946699),(-7.150149379909602, 112.6430053179397),(-7.150426160275204, 112.64395750213998),(-7.151321141692777, 112.64711376261221),(-7.151496790339722, 112.64802839588629),(-7.15154469450443, 112.64818798732267),(-7.151938746276793, 112.64938758716801),(-7.152181266292715, 112.64993440720536),(-7.152577041761192, 112.65090825380139),(-7.152719593630075, 112.65120883294503),(-7.152915817937052, 112.6516477251115),(-7.1530701112512, 112.6526492523808),(-7.1531126925844735, 112.65307004836893),(-7.153467623637724, 112.65456765890121),(-7.153536818242016, 112.65505313873291),(-7.153699447949495, 112.65593941085149),(-7.153837837077319, 112.65630821459104),(-7.153938537381468, 112.65679572629017),(-7.154015520112429, 112.65738540179814),(-7.154111327908288, 112.65807607061947),(-7.154382478729965, 112.65809350497807),(-7.154642023880072, 112.65806329688883),(-7.154878374731567, 112.65814599830685),(-7.154946166167815, 112.65868914563237),(-7.155435849248075, 112.65879241067944),(-7.156354090690766, 112.65906719515522),(-7.156713943193572, 112.65908462951381),(-7.157068403573163, 112.6590670676635),(-7.15801052247031, 112.65899382548287),(-7.158450824829623, 112.65898473486686),(-7.158815475852502, 112.65895656103248),(-7.159231603645463, 112.6589604775063),(-7.15955072139208, 112.65892158547558),(-7.160634313287347, 112.6588642882275),(-7.164551499254638, 112.65868644541126),(-7.165579301590092, 112.65864889448505),(-7.165419625933851, 112.65843968218189)', 1, '["Jl. Arif Rahman Hakim Gresik, Kramatandap, Gapurosukolilo, Gresik, Kabupaten Gresik, Jawa Timur 61122, Indonesia","Jl. Arif Rahman Hakim Gresik No.18, Gapurosukolilo, Gresik, Kabupaten Gresik, Jawa Timur 61122, Indonesia","Jl. Arif Rahman Hakim Gresik No.32, Injen Barat, Tlogobendung, Gresik, Kabupaten Gresik, Jawa Timur 61111, Indonesia","Jl. Ikan Lodan I No.65, Pekauman, Gresik, Kabupaten Gresik, Jawa Timur 61122, Indonesia","no.19(, Jl. Arif Rahman Hakim Gresik No.122, Pekauman, Kec. Gresik, Kabupaten Gresik, Jawa Timur 61111, Indonesia","Jl. Arif Rahman Hakim Gresik No.14, Pekauman, Kec. Gresik, Kabupaten Gresik, Jawa Timur 61122, Indonesia","Jalan Arif Rahman Hakim Stand Pasar Senggol Blok B-1, Pekauman, Kec. Gresik, Kabupaten Gresik, Jawa Timur 61122, Indonesia","Jl. Proklamasi No.31B, Pekauman, Gresik, Kabupaten Gresik, Jawa Timur 61111, Indonesia","Jl. Arif Rahman Hakim Gresik No.122, Pekauman, Kebomas, Kabupaten Gresik, Jawa Timur 61111, Indonesia","Jl. Proklamasi No.111, Trate, Kec. Gresik, Kabupaten Gresik, Jawa Timur 61122, Indonesia","Jl. Proklamasi No.23, Pekauman, Kec. Gresik, Kabupaten Gresik, Jawa Timur 61122, Indonesia","No., Jl. Proklamasi No.19, Pekauman, Kec. Gresik, Kabupaten Gresik, Jawa Timur 61111, Indonesia","Jl. Proklamasi Gg. II No.5, Pekauman, Kec. Gresik, Kabupaten Gresik, Jawa Timur 61111, Indonesia","Jl. Jenderal Ahmad Yani No.2c Sukorame, Ngipik, Sukorame, Kec. Gresik, Kabupaten Gresik, Jawa Timur 61119, Indonesia","Jl. DR. Soetomo No.19-49, Ngipik, Karangpoh, Kec. Gresik, Kabupaten Gresik, Jawa Timur 61119, Indonesia","Jl. DR. Soetomo No.34, Ngipik, Karangpoh, Gresik, Kabupaten Gresik, Jawa Timur 61119, Indonesia","Jl. DR. Soetomo No.54, Ngipik, Karangpoh, Gresik, Kabupaten Gresik, Jawa Timur 61111, Indonesia","Jl. DR. Soetomo No.81a, Trate, Gresik, Kabupaten Gresik, Jawa Timur 61111, Indonesia","Jl. DR. Soetomo No.101, Trate, Gresik, Kabupaten Gresik, Jawa Timur 61111, Indonesia","Jl. DR. Soetomo No.146, Trate, Kec. Gresik, Kabupaten Gresik, Jawa Timur 61111, Indonesia","JL. Dr. Soetomo, No. 126, Trate, Kec. Gresik, Kabupaten Gresik, Jawa Timur 61111, Indonesia","Jl. DR. Soetomo No.142, Putat Luar, Sukorame, Gresik, Kabupaten Gresik, Jawa Timur 61111, Indonesia","JL Dr. Soetomo, No. 197, Sidokumpul, Kesemen, Sukorame, Kec. Gresik, Kabupaten Gresik, Jawa Timur 61111, Indonesia","Jl. R.A. Kartini No.55, Kesemen, Sukorame, Kec. Gresik, Kabupaten Gresik, Jawa Timur 61122, Indonesia","Jl. Dr. Wahidin S.H. No.54, Putat Luar, Kebomas, Gresik, Kabupaten Gresik, Jawa Timur 61121, Indonesia","Jl. Dr. Wahidin S.H. No.89, Karangturi, Gresik, Kabupaten Gresik, Jawa Timur 61121, Indonesia","Jl. Dr. Wahidin S.H. No.55A, Karangturi, Kebomas, Kec. Kbomas, Kabupaten Gresik, Jawa Timur 61121, Indonesia","Jl. Dr. Wahidin S.H. No.127, Pedukuhan, Ngipik, Kebomas, Kabupaten Gresik, Jawa Timur 61121, Indonesia","Kebomas, Jl. Dr. Wahidin S.H. No.135, Kebomas, Ngipik, Kebomas, Kabupaten Gresik, Jawa Timur 61121, Indonesia","Jl. Dr. Wahidin S.H. No.204, Kebomas, Ngipik, Kec. Gresik, Kabupaten Gresik, Jawa Timur 61121, Indonesia","No Blok D, Jl. Dr. Wahidin S.H. No.125, Kebomas, Ngipik, Kec. Gresik, Kabupaten Gresik, Jawa Timur 61121, Indonesia","Jl. Dr. Wahidin S.H. No.233, Pedukuhan, Kebomas, Kabupaten Gresik, Jawa Timur 61121, Indonesia","Jl. Dr. Wahidin S.H. No.28, Pedukuhan, Kebomas, Kabupaten Gresik, Jawa Timur 61121, Indonesia","Jl. Cimanuk 1 No.18, Pedukuhan, Kebomas, Kabupaten Gresik, Jawa Timur 61121, Indonesia","Jl. Dr. Wahidin S.H. No.324, Pedukuhan, Kebomas, Kabupaten Gresik, Jawa Timur 61121, Indonesia","Jl. Dr. Wahidin S.H. No.334, Setingi, Randuagung, Kebomas, Kabupaten Gresik, Jawa Timur 61121, Indonesia","Jl. Dr. Wahidin S.H. No.392, Setingi, Randuagung, Kebomas, Kabupaten Gresik, Jawa Timur 61121, Indonesia","Jl. Dr. Wahidin S.H. No.74, Setingi, Randuagung, Kebomas, Kabupaten Gresik, Jawa Timur 61121, Indonesia","Jl. Dr. Wahidin S.H. No.110, Setingi, Randuagung, Kebomas, Kabupaten Gresik, Jawa Timur 61121, Indonesia","Jl. Dr. Wahidin S.H. No.120, Setingi, Randuagung, Kebomas, Kabupaten Gresik, Jawa Timur 61121, Indonesia","Jl. Dr. Wahidin S.H. No.134, Setingi, Randuagung, Kebomas, Kabupaten Gresik, Jawa Timur 61121, Indonesia","Jl. Barito No.55, Setingi, Randuagung, Kebomas, Kabupaten Gresik, Jawa Timur 61121, Indonesia","Jl. Dr. Wahidin S.H. No.159, Setingi, Banjar, mendalan, Kabupaten Lamongan, Jawa Timur 62212, Indonesia","Jalan Sumatra, depan taman Bundaran, Setingi, Randuagung, Kebomas, Kabupaten Gresik, Jawa Timur 61121, Indonesia","Kebomas, Setingi, Randuagung, Kec. Gresik, Kabupaten Gresik, Jawa Timur 61121, Indonesia","Kebomas, Setingi, Randuagung, Kec. Gresik, Kabupaten Gresik, Jawa Timur 61121, Indonesia","Jl. Sumatra, Randuagung, Kebomas, Kabupaten Gresik, Jawa Timur 61121, Indonesia","Jl. Sumatera No.27B, Setingi, Randuagung, Kec. Gresik, Kabupaten Gresik, Jawa Timur 61121, Indonesia","Jl. Sumatra No.14, Setingi, Randuagung, Kebomas, Kabupaten Gresik, Jawa Timur 61124, Indonesia","Jl. Sumatra No.24, Setingi, Randuagung, Kebomas, Kabupaten Gresik, Jawa Timur 61121, Indonesia","Jl. Sumatra No.30, Setingi, Randuagung, Kebomas, Kabupaten Gresik, Jawa Timur 61121, Indonesia","No.25B GKB, Randuagung, Kec., Jl. Sumatra, Gn. Malang, Randuagung, Kebomas, Kabupaten Gresik, Jawa Timur 61121, Indonesia","Jl. Sumatra No.27D Gn. Malang, Setingi, Randuagung, Kebomas, Gresik Regency, East Java 61121, Indonesia","No 65 GKB, Jl. Sumatra, Setingi, Pulopancikan, Kec. Gresik, Kabupaten Gresik, Jawa Timur 61124, Indonesia","03, Jl. Jawa No.17, Gn. Malang, Randuagung, Kebomas, Kabupaten Gresik, Jawa Timur 61151, Indonesia","Jl. Jawa No.25, Yosowilangun, Manyar, Kabupaten Gresik, Jawa Timur 61151, Indonesia","Jl. Jawa No.33, Yosowilangun, Manyar, Kabupaten Gresik, Jawa Timur 61151, Indonesia","Jl. Jawa No.33, Yosowilangun, Manyar, Kabupaten Gresik, Jawa Timur 61151, Indonesia","Jl. Jawa No.39, Yosowilangun, Manyar, Kabupaten Gresik, Jawa Timur 61151, Indonesia","Jl. Jawa No.49, Yosowilangun, Manyar, Kabupaten Gresik, Jawa Timur 61151, Indonesia","Jl. Jawa No.61, Yosowilangun, Manyar, Kabupaten Gresik, Jawa Timur 61151, Indonesia","Jl. Jawa No.63, Yosowilangun, Manyar, Kabupaten Gresik, Jawa Timur 61151, Indonesia","Jl. Jawa No.67gkb, RW.2, Yosowilangun, Manyar, Kabupaten Gresik, Jawa Timur 61151, Indonesia","Jl. Jawa No.78 GKB, Karanggondang, Yosowilangun, Manyar, Kabupaten Gresik, Jawa Timur 61151, Indonesia","2, Jl. Jawa No.83, Karanggondang, Yosowilangun, Manyar, Kabupaten Gresik, Jawa Timur 61151, Indonesia","Jl. Jawa No.74, Karanggondang, Yosowilangun, Manyar, Kabupaten Gresik, Jawa Timur 61151, Indonesia","Jl. Jawa No.98 GKB, Karanggondang, Yosowilangun, Manyar, Kabupaten Gresik, Jawa Timur 61121, Indonesia","Jl. Jawa No.98 GKB, Karanggondang, Yosowilangun, Manyar, Kabupaten Gresik, Jawa Timur 61121, Indonesia","Jl. Jawa No.98 GKB, Karanggondang, Yosowilangun, Manyar, Kabupaten Gresik, Jawa Timur 61121, Indonesia","Jl. Jawa No.100, 2, Yosowilangun, Manyar, Kabupaten Gresik, Jawa Timur 61121, Indonesia","JL. Jawa, RT.004 RW.001, Karanggondang, Yosowilangun, Kec. Gresik, Kabupaten Gresik, Jawa Timur 61153, Indonesia","Jl. Tambang No.1, Karanggondang, Yosowilangun, Kebomas, Kabupaten Gresik, Jawa Timur 61151, Indonesia","Jl. Brotonegoro Barat No.3, Karanggondang, Yosowilangun, Manyar, Kabupaten Gresik, Jawa Timur 61151, Indonesia","Jl. Kalimantan No.185, Ponganganrejo, Yosowilangun, Manyar, Kabupaten Gresik, Jawa Timur 61151, Indonesia","Jl. Kalimantan No.165, Wonorejo, Yosowilangun, Manyar, Kabupaten Gresik, Jawa Timur 61151, Indonesia","No., Jl. Kalimantan No.153, Wonorejo, Yosowilangun, Manyar, Kabupaten Gresik, Jawa Timur 61151, Indonesia","No., Jl. Kalimantan No.153, Wonorejo, Yosowilangun, Manyar, Kabupaten Gresik, Jawa Timur 61151, Indonesia","Jl. Banjar Baru No.15-9, Wonorejo, Yosowilangun, Manyar, Kabupaten Gresik, Jawa Timur 61151, Indonesia","Jl. Banjar Baru No.17, Ponganganrejo, Yosowilangun, Manyar, Kabupaten Gresik, Jawa Timur 61151, Indonesia","Jl. Amuntai No.32, Ponganganrejo, Yosowilangun, Manyar, Kabupaten Gresik, Jawa Timur 61151, Indonesia","Jl. Banjar Baru No.25, Ponganganrejo, Yosowilangun, Manyar, Kabupaten Gresik, Jawa Timur 61151, Indonesia","Perum. GKB, Jl. Amuntai No.32, Ponganganrejo, Yosowilangun, Manyar, Kabupaten Gresik, Jawa Timur 61151, Indonesia","Jalan Amuntai Blok GKB, No.38, Ponganganrejo, Yosowilangun, Manyar, Kabupaten Gresik, Jawa Timur 61151, Indonesia","Jl. Amuntai No.44, Ponganganrejo, Yosowilangun, Manyar, Kabupaten Gresik, Jawa Timur 61151, Indonesia","Jl. Kayu VIII D No.2, Ponganganrejo, Yosowilangun, Manyar, Kabupaten Gresik, Jawa Timur 61151, Indonesia","Jl. Amuntai No.72, RW.2, Ponganganrejo, Yosowilangun, Manyar, Kabupaten Gresik, Jawa Timur 61151, Indonesia","Jl. Amuntai No.66, GKB, Ponganganrejo, Yosowilangun, Manyar, Kabupaten Gresik, Jawa Timur 61151, Indonesia","Jl. Amuntai No.68, Ponganganrejo, Yosowilangun, Manyar, Kabupaten Gresik, Jawa Timur 61151, Indonesia","Jl. Palem No.12, Ponganganrejo, Yosowilangun, Manyar, Kabupaten Gresik, Jawa Timur 61151, Indonesia","jalan palem no 12 perumahan pongangan indah, Ponganganrejo, Yosowilangun, Manyar, Kabupaten Gresik, Jawa Timur 61151, Indonesia","Jl. Palem No.21, Ponganganrejo, Yosowilangun, Manyar, Kabupaten Gresik, Jawa Timur 61151, Indonesia","Jl. Palem No.16, Ponganganrejo, Yosowilangun, Manyar, Kabupaten Gresik, Jawa Timur 61151, Indonesia","Jl. Palem No.31, Ponganganrejo, Yosowilangun, Manyar, Kabupaten Gresik, Jawa Timur 61151, Indonesia","Jl. Kayu Raya No.37, Ponganganrejo, Yosowilangun, Manyar, Kabupaten Gresik, Jawa Timur 61151, Indonesia","Jl. Kayu Raya No.33, Ponganganrejo, Yosowilangun, Manyar, Kabupaten Gresik, Jawa Timur 61151, Indonesia","Jl. Baja IX No.9, Ponganganrejo, Yosowilangun, Manyar, Kabupaten Gresik, Jawa Timur 61151, Indonesia","Jl. Baja Raya No.35, Ponganganrejo, Yosowilangun, Manyar, Kabupaten Gresik, Jawa Timur 61151, Indonesia","Jl. Beton XIII No.13, Ponganganrejo, Yosowilangun, Manyar, Kabupaten Gresik, Jawa Timur 61151, Indonesia","Jl. Beton XIII No.7, Ponganganrejo, Yosowilangun, Manyar, Kabupaten Gresik, Jawa Timur 61151, Indonesia","Jl. Beton Raya No.34, Ponganganrejo, Yosowilangun, Manyar, Kabupaten Gresik, Jawa Timur 61151, Indonesia","PPI, Jl. Beton Raya No.53, Ponganganrejo, Suci, Manyar, Kabupaten Gresik, Jawa Timur 61511, Indonesia","Jl. Beton Raya No.41, Ponganganrejo, Yosowilangun, Manyar, Kabupaten Gresik, Jawa Timur 61151, Indonesia","Jl. Beton Raya No.26, Ponganganrejo, Yosowilangun, Manyar, Kabupaten Gresik, Jawa Timur 61151, Indonesia","Jl. Beton Raya No.13, Suci, Manyar, Kabupaten Gresik, Jawa Timur 61151, Indonesia","Jalan Beton Raya No. 13, Pongangan, Manyar, Suci, Manyar, Kabupaten Gresik, Jawa Timur 61151, Indonesia","Jl. Pembangunan No.10, Suci, Manyar, Kabupaten Gresik, Jawa Timur 61151, Indonesia","Jl. Pembangunan No.2, Suci, Manyar, Kabupaten Gresik, Jawa Timur 61151, Indonesia","no, Jl. Pembangunan No.2, Suci, Manyar, Kabupaten Gresik, Jawa Timur 61151, Indonesia","Jl. Pembangunan, Suci, Manyar, Kabupaten Gresik, Jawa Timur 61151, Indonesia","Jl. KH Syafii No.2, Suci, Manyar, Kabupaten Gresik, Jawa Timur 61151, Indonesia","Jl. Sekar Putih No.98, Suci, Manyar, Kabupaten Gresik, Jawa Timur 61151, Indonesia","Jl. Raya Sukomulyo No.99, Maduran, Roomo, Manyar, Kabupaten Gresik, Jawa Timur 61151, Indonesia","Jl. Raya Sukomulyo No.15, Maduran, Roomo, Manyar, Kabupaten Gresik, Jawa Timur 61151, Indonesia","Jl. Raya Sukomulyo No.14, Wonorejo, Yosowilangun, Manyar, Kabupaten Gresik, Jawa Timur 61151, Indonesia","Depannya pak RT PT. GKN, Komple Manyar Raya Residence Blk G Kav 5, Maduran, Roomo, Manyar, Kabupaten Gresik, Jawa Timur 61151, Indonesia","Jl. Raya Roomo No.403, Sekarsore, Roomo, Manyar, Kabupaten Gresik, Jawa Timur 61151, Indonesia","Jl. Raya Roomo No.331, Sekarsore, Roomo, Manyar, Kabupaten Gresik, Jawa Timur 61151, Indonesia","Jl. Raya Roomo No.244, Maduran, Roomo, Manyar, Kabupaten Gresik, Jawa Timur 61151, Indonesia","Jl. Raya Roomo No.105-107, Sekarsore, Roomo, Manyar, Kabupaten Gresik, Jawa Timur 61151, Indonesia","Jl. Gubernur Suryo No.328, Jarangkuwung, Tlogopojok, Gresik, Kabupaten Gresik, Jawa Timur 61118, Indonesia","no, Jl. Gubernur Suryo No.275, Pojok, Tlogopojok, Kec. Gresik, Kabupaten Gresik, Jawa Timur 61151, Indonesia","Gg. X No.24, Karangturi, Lumpur, Kec. Gresik, Kabupaten Gresik, Jawa Timur 61118, Indonesia","Jl. Gubernur Suryo No.33, Tlogopojok, Kroman, Kec. Gresik, Kabupaten Gresik, Jawa Timur 61118, Indonesia","Jl. Gubernur Suryo No.15, Tlogopojok, Kroman, Gresik, Kabupaten Gresik, Jawa Timur 61116, Indonesia","Jl. Gubernur Suryo No.1, Karangpoh, Kemuteran, Gresik, Kabupaten Gresik, Jawa Timur 61116, Indonesia","Jl. Samanhudi No.118, Kebungson, Kemuteran, Gresik, Kabupaten Gresik, Jawa Timur 61116, Indonesia","Jl. Samanhudi No.55, Trate, Pekelingan, Kec. Gresik, Kabupaten Gresik, Jawa Timur 61115, Indonesia","Jl. Samanhudi No.18, Kemuteran, Pekelingan, Kec. Gresik, Kabupaten Gresik, Jawa Timur 61114, Indonesia","Jl. Kh. Kholil No.02, Bedilan, Kebungson, Kec. Gresik, Kabupaten Gresik, Jawa Timur 61114, Indonesia","Jl. Yos Sudarso No.01, Pulopancikan, Kebungson, Kec. Gresik, Kabupaten Gresik, Jawa Timur 61114, Indonesia","Jl. Harun Thohir No.2, Pulopancikan, Bedilan, Kec. Gresik, Kabupaten Gresik, Jawa Timur 61111, Indonesia","No, Gresik, Jl. Harun Thohir No.37, Pulopancikan, Kebungson, Kec. Gresik, Kabupaten Gresik, Jawa Timur 61113, Indonesia","Karang Semanding, Balong Panggang, Sumberrejo, Pulopancikan, Kec. Gresik, Kabupaten Gresik, Jawa Timur 61113, Indonesia","Jl. Harun Thohir No.78-80, Sumberrejo, Pulopancikan, Kec. Gresik, Kabupaten Gresik, Jawa Timur 61113, Indonesia","Jl. Harun Thohir No.116, Sumberrejo, Pulopancikan, Gresik, Kabupaten Gresik, Jawa Timur 61111, Indonesia","Jl. Keramat Langon No.58, Sumberrejo, Sidokumpul, Kabupaten Gresik, Jawa Timur 61116, Indonesia"]', 1, 'Lyn FG');
/*!40000 ALTER TABLE "tb_rute" ENABLE KEYS */;

-- Dumping data for table public.tb_supir: 8 rows
/*!40000 ALTER TABLE "tb_supir" DISABLE KEYS */;
INSERT INTO "tb_supir" ("id", "nama", "alamat", "jenis_kelamin", "tanggal_lahir", "tinggi_badan", "ktp", "sim_a", "sim_b1", "aktif", "nohp", "username", "password_supir", "rute_id") VALUES
	(8, 'YAYAN', 'Gresik', 'P', '1996-12-31', 150, '0231325644122', '123321', '123212', 'true', '0818252526', 'YAYAN', '123456', 3),
	(2, 'satu', 'kebraon driyorejo', 'P', '2018-10-04', 123, '3232244', '432323', 'ssfdf', 'true', '343345sdfd', 'satu', '696969', 4),
	(6, 'tiga', 'CERME', 'P', '1991-02-28', 182, '125485495', '555465254', NULL, 'true', '082233986990', 'tiga', '696969', 5),
	(5, 'dua', 'TERMINAL BUNDER', 'P', '1992-02-27', 170, '123456', '123456789', '1254678900', 'true', '081238963500', 'dua', '696969', 6),
	(4, 'empat', 'JL. Walet IV no.13 Gresik', 'P', '1965-05-21', 160, '123998980', '73872947298', '78237827382', 'true', '9893283802', 'empat', '696969', 7),
	(7, 'lima', 'Perum GKB baru ', 'P', '1995-05-10', 170, '35780216778864401', '6347368468', '776756665', 'true', '085745672220', 'lima', '696969', 7),
	(3, 'enam', 'Kertosono gang dalam 34B', 'P', '1987-05-05', 165, '3578021346512001', '343111AAAAA', '3491BBBBBBB1', 'true', '0867655554221', 'enam', '696969', 8),
	(1, 'tujuh', 'Jl. Belitung IV no.23 Gresik', 'P', '2018-09-03', 170, '223434', '8278787', '878e78', 'true', '343434', 'tujuh', '696969', 8);
/*!40000 ALTER TABLE "tb_supir" ENABLE KEYS */;

-- Dumping data for table public.tb_terminal: 8 rows
/*!40000 ALTER TABLE "tb_terminal" DISABLE KEYS */;
INSERT INTO "tb_terminal" ("id", "nama_terminal", "alamat", "latlng", "aktif") VALUES
	(1, 'terminal kita', 'aada di', '(-7.164743142503138, 112.65492469798744)', 'false'),
	(2, 'dekat terminal', 'ada lagi', '(-7.307114627378053, 112.71591162235256)', 'false'),
	(4, 'Sub Terminal Menganti ', 'Jl. Raya Sido Mulyo', '(-7.294310092783217, 112.5879419352882)', 'false'),
	(5, 'Terminal Menganti', 'Jl. Raya Sido Mulyo 61174', '(-7.294588031029851, 112.58795768022537)', 'true'),
	(6, 'Terminal Gubernur Suryo', 'Jl. Gubernur Suryo No.15, Karangturi, Kroman, Gresik, Kabupaten Gresik, Jawa Timur, Indonesia', '(-7.1518872098557775, 112.64947353865477)', 'true'),
	(3, 'Sub Terminal Gubernur Suryo', 'Jl. Gubernur Suryo ', '(-7.151476515190672, 112.6481777384148)', 'false'),
	(7, 'Sub Terminal Gulomantung', 'Jl. Mayjend Sungkono No.12, Pundung, Gulomantung, Kebomas, Kabupaten Gresik, Jawa Timur 61124, Indonesia', '(-7.191348396557025, 112.6295620582838)', 'true'),
	(8, 'Terminal Bunder ', 'Stand Blok C No. 3 Terminal Bunder, Banjai Sari, Banjarsari, Cerme, Kabupaten Gresik, Jawa Timur 61171, Indonesia', '(-7.17018209900659, 112.58387870356603)', 'true');
/*!40000 ALTER TABLE "tb_terminal" ENABLE KEYS */;

-- Dumping data for table public.tb_user: 3 rows
/*!40000 ALTER TABLE "tb_user" DISABLE KEYS */;
INSERT INTO "tb_user" ("id", "username", "passworde", "aktif", "type") VALUES
	(1, 'admin', '123qwe', 'true', 'staff'),
	(2, 'supervisor', '123qwe', 'true', NULL),
	(3, 'guest', '123456', 'true', 'Staff');
/*!40000 ALTER TABLE "tb_user" ENABLE KEYS */;

-- Dumping data for table public.warna: 28 rows
/*!40000 ALTER TABLE "warna" DISABLE KEYS */;
INSERT INTO "warna" ("id", "nama", "warna", "warnatext", "aktif") VALUES
	(10, 'Pink', '#FFC0CB', '#000000', 'true'),
	(1, 'Black', '#000000', '#FFFFFF', 'true'),
	(3, 'Blue', '#0000FF', '#FFFFFF', 'true'),
	(13, 'Silver Keren', '#676767', '#000000', 'false'),
	(15, 'blorek', '#74946b', '#FFFFFF', 'false'),
	(9, 'Gray', '#808080', '#FFFFFF', 'true'),
	(6, 'Green', '#008000', '#000000', 'true'),
	(8, 'Purple', '#800080', '#FFFFFF', 'true'),
	(12, 'Maroon', '#800000', '#FFFFFF', 'true'),
	(14, 'Brown', '#a52a2a', '#FFFFFF', 'true'),
	(11, 'Gold', '#ffd700', '#000000', 'true'),
	(4, 'Red', '#FF0000', '#FFFFFF', 'true'),
	(7, 'Orange', '#FFA500', '#FFFFFF', 'true'),
	(2, 'White', '#ffffff', '#000000', 'true'),
	(5, 'Yellow', '#FFFF00', '#000000', 'true'),
	(17, 'Navy', '#000080', '#000000', 'true'),
	(16, 'Navy', '#000080', '#000000', 'false'),
	(18, 'Olive', '#808000', '#000000', 'true'),
	(19, 'Orchid', '#da70d6', '#000000', 'true'),
	(20, 'SeaGreen', '#2e8b57', '#000000', 'true'),
	(21, 'SkyBlue', '#87ceeb', '#000000', 'true'),
	(22, 'Teal', '#008080', '#000000', 'true'),
	(23, 'Tomato', '#ff6347', '#000000', 'true'),
	(24, 'Chocolate', '#d2691e', '#000000', 'true'),
	(25, 'Lavender', '#e6e6fa', '#000000', 'true'),
	(26, 'Lime', '#00ff00', '#000000', 'true'),
	(27, 'Aqua Marine', '#7fffd4', '#000000', 'true'),
	(28, 'Cyan', '#00ffff', '#000000', 'true');
/*!40000 ALTER TABLE "warna" ENABLE KEYS */;

/*!40101 SET SQL_MODE=IFNULL(@OLD_SQL_MODE, '') */;
/*!40014 SET FOREIGN_KEY_CHECKS=IF(@OLD_FOREIGN_KEY_CHECKS IS NULL, 1, @OLD_FOREIGN_KEY_CHECKS) */;
/*!40101 SET CHARACTER_SET_CLIENT=@OLD_CHARACTER_SET_CLIENT */;
